-- MySQL dump 10.13  Distrib 8.0.19, for Linux (x86_64)
--
-- Host: 127.0.0.1    Database: pas_manage_db
-- ------------------------------------------------------
-- Server version	8.0.19-0ubuntu5

/*!40101 SET @OLD_CHARACTER_SET_CLIENT=@@CHARACTER_SET_CLIENT */;
/*!40101 SET @OLD_CHARACTER_SET_RESULTS=@@CHARACTER_SET_RESULTS */;
/*!40101 SET @OLD_COLLATION_CONNECTION=@@COLLATION_CONNECTION */;
/*!50503 SET NAMES utf8mb4 */;
/*!40103 SET @OLD_TIME_ZONE=@@TIME_ZONE */;
/*!40103 SET TIME_ZONE='+00:00' */;
/*!40014 SET @OLD_UNIQUE_CHECKS=@@UNIQUE_CHECKS, UNIQUE_CHECKS=0 */;
/*!40014 SET @OLD_FOREIGN_KEY_CHECKS=@@FOREIGN_KEY_CHECKS, FOREIGN_KEY_CHECKS=0 */;
/*!40101 SET @OLD_SQL_MODE=@@SQL_MODE, SQL_MODE='NO_AUTO_VALUE_ON_ZERO' */;
/*!40111 SET @OLD_SQL_NOTES=@@SQL_NOTES, SQL_NOTES=0 */;

--
-- Table structure for table `department`
--

DROP TABLE IF EXISTS `department`;
/*!40101 SET @saved_cs_client     = @@character_set_client */;
/*!50503 SET character_set_client = utf8mb4 */;
CREATE TABLE `department` (
  `department_id` bigint NOT NULL AUTO_INCREMENT,
  `department_name` varchar(100) NOT NULL,
  `phone` varchar(20) DEFAULT NULL,
  `hospital_id` bigint NOT NULL,
  PRIMARY KEY (`department_id`),
  KEY `FKn8lq60po1t7p42oslqbk61wnu` (`hospital_id`),
  CONSTRAINT `FKn8lq60po1t7p42oslqbk61wnu` FOREIGN KEY (`hospital_id`) REFERENCES `hospital` (`hospital_id`)
) ENGINE=InnoDB DEFAULT CHARSET=utf8mb4 COLLATE=utf8mb4_0900_ai_ci;
/*!40101 SET character_set_client = @saved_cs_client */;

--
-- Dumping data for table `department`
--

/*!40000 ALTER TABLE `department` DISABLE KEYS */;
/*!40000 ALTER TABLE `department` ENABLE KEYS */;

--
-- Table structure for table `doctor`
--

DROP TABLE IF EXISTS `doctor`;
/*!40101 SET @saved_cs_client     = @@character_set_client */;
/*!50503 SET character_set_client = utf8mb4 */;
CREATE TABLE `doctor` (
  `doctor_id` bigint NOT NULL AUTO_INCREMENT,
  `name` varchar(100) NOT NULL,
  `title` varchar(100) DEFAULT NULL,
  `department_id` bigint DEFAULT NULL,
  `user_id` bigint NOT NULL,
  `pass_id` varchar(20) NOT NULL,
  PRIMARY KEY (`doctor_id`),
  UNIQUE KEY `UK3q0j5r6i4e9k3afhypo6uljph` (`user_id`),
  KEY `FK75x47tyyeco3xj4cmlhj8v6ta` (`department_id`),
  CONSTRAINT `FK75x47tyyeco3xj4cmlhj8v6ta` FOREIGN KEY (`department_id`) REFERENCES `department` (`department_id`),
  CONSTRAINT `FK9roto9ydtnjfkixvexq5vxyl5` FOREIGN KEY (`user_id`) REFERENCES `user` (`user_id`)
) ENGINE=InnoDB AUTO_INCREMENT=5 DEFAULT CHARSET=utf8mb4 COLLATE=utf8mb4_0900_ai_ci;
/*!40101 SET character_set_client = @saved_cs_client */;

--
-- Dumping data for table `doctor`
--

/*!40000 ALTER TABLE `doctor` DISABLE KEYS */;
INSERT INTO `doctor` VALUES (2,'Frank Natasa',NULL,NULL,28,'5203910295302934823'),(3,'李测试',NULL,NULL,29,'330327222222222222'),(4,'张测试',NULL,NULL,30,'330327222222222223');
/*!40000 ALTER TABLE `doctor` ENABLE KEYS */;

--
-- Table structure for table `hospital`
--

DROP TABLE IF EXISTS `hospital`;
/*!40101 SET @saved_cs_client     = @@character_set_client */;
/*!50503 SET character_set_client = utf8mb4 */;
CREATE TABLE `hospital` (
  `hospital_id` bigint NOT NULL AUTO_INCREMENT,
  `address` varchar(255) DEFAULT NULL,
  `city` varchar(50) DEFAULT NULL,
  `district` varchar(50) DEFAULT NULL,
  `grade` varchar(50) DEFAULT NULL,
  `latitude` double DEFAULT NULL,
  `longitude` double DEFAULT NULL,
  `name` varchar(100) NOT NULL,
  `phone` varchar(20) DEFAULT NULL,
  `postal_code` varchar(10) DEFAULT NULL,
  `province` varchar(50) DEFAULT NULL,
  `server_ip` varchar(50) DEFAULT NULL,
  PRIMARY KEY (`hospital_id`)
) ENGINE=InnoDB AUTO_INCREMENT=3 DEFAULT CHARSET=utf8mb4 COLLATE=utf8mb4_0900_ai_ci;
/*!40101 SET character_set_client = @saved_cs_client */;

--
-- Dumping data for table `hospital`
--

/*!40000 ALTER TABLE `hospital` DISABLE KEYS */;
INSERT INTO `hospital` VALUES (1,'北京市东城区东单帅府园1号','北京市','东城区','三级甲等',39.90403,116.407526,'北京协和医院','010-69156114','100730','北京市','127.0.0.1'),(2,'431','成都市','成华区','无',30.5723,104.0665,'myr','02812312345','610066','四川省','192.168.1.111');
/*!40000 ALTER TABLE `hospital` ENABLE KEYS */;

--
-- Table structure for table `image`
--

DROP TABLE IF EXISTS `image`;
/*!40101 SET @saved_cs_client     = @@character_set_client */;
/*!50503 SET character_set_client = utf8mb4 */;
CREATE TABLE `image` (
  `image_id` bigint NOT NULL AUTO_INCREMENT,
  `image_name` varchar(255) NOT NULL,
  `image_path` varchar(255) NOT NULL,
  `record_id` varchar(255) DEFAULT NULL,
  `patient_id` bigint NOT NULL,
  `image_avail` tinyint DEFAULT NULL,
  PRIMARY KEY (`image_id`),
  KEY `FK3x32v1qt21gf4smdo4s1hiymx` (`record_id`),
  KEY `FKt7mcsayua0q490bv6sr2p13nt` (`patient_id`),
  CONSTRAINT `FK3x32v1qt21gf4smdo4s1hiymx` FOREIGN KEY (`record_id`) REFERENCES `imaging_record` (`record_id`),
  CONSTRAINT `FKt7mcsayua0q490bv6sr2p13nt` FOREIGN KEY (`patient_id`) REFERENCES `patient` (`patient_id`)
) ENGINE=InnoDB AUTO_INCREMENT=442 DEFAULT CHARSET=utf8mb4 COLLATE=utf8mb4_0900_ai_ci;
/*!40101 SET character_set_client = @saved_cs_client */;

--
-- Dumping data for table `image`
--

/*!40000 ALTER TABLE `image` DISABLE KEYS */;
INSERT INTO `image` VALUES (1,'1.2.840.113663.1500.1.386983529.3.10.20220620.140.jpg','/home/thd2020/pas/1/record123/images/1.2.840.113663.1500.1.386983529.3.10.20220620.140.jpg','record123',1,NULL),(2,'1.2.840.113663.1500.1.386983529.3.10.20220620.140.jpg','/home/thd2020/pas/1/record123/images/1.2.840.113663.1500.1.386983529.3.10.20220620.140.jpg','record123',1,NULL),(3,'1.2.840.113663.1500.1.386983529.3.10.20220620.140.jpg','/home/thd2020/pas/1/record123/images/1.2.840.113663.1500.1.386983529.3.10.20220620.140.jpg','record123',1,NULL),(4,'1.2.840.113663.1500.1.386983529.3.10.20220620.140.jpg','/home/thd2020/pas/1/record123/images/1.2.840.113663.1500.1.386983529.3.10.20220620.140.jpg','record123',1,NULL),(5,'1.2.840.113663.1500.1.386983529.3.10.20220620.140.jpg','/home/thd2020/pas/1/record123/images/1.2.840.113663.1500.1.386983529.3.10.20220620.140.jpg','record123',1,NULL),(6,'1.2.840.113663.1500.1.386983529.3.10.20220620.140.jpg','/home/thd2020/pas/1/record123/images/1.2.840.113663.1500.1.386983529.3.10.20220620.140.jpg','record123',1,NULL),(7,'1.2.840.113663.1500.1.386983529.3.10.20220620.140.jpg','/home/thd2020/pas/1/record123/images/1.2.840.113663.1500.1.386983529.3.10.20220620.140.jpg','record123',1,NULL),(8,'1.2.840.113663.1500.1.386983529.3.10.20220620.140.jpg','/home/thd2020/pas/1/record123/images/1.2.840.113663.1500.1.386983529.3.10.20220620.140.jpg','record123',1,NULL),(9,'1.2.840.113663.1500.1.386983529.3.10.20220620.140.jpg','/home/thd2020/pas/1/record123/images/1.2.840.113663.1500.1.386983529.3.10.20220620.140.jpg','record123',1,NULL),(10,'1.2.840.113663.1500.1.386983529.3.10.20220620.140.jpg','/home/thd2020/pas/1/record123/images/1.2.840.113663.1500.1.386983529.3.10.20220620.140.jpg','record123',1,NULL),(11,'1.2.840.113663.1500.1.386983529.3.10.20220620.140.jpg','/home/thd2020/pas/1/record123/images/1.2.840.113663.1500.1.386983529.3.10.20220620.140.jpg','record123',1,NULL),(12,'1.2.840.113663.1500.1.386983529.3.10.20220620.140.jpg','/home/thd2020/pas/1/record123/images/1.2.840.113663.1500.1.386983529.3.10.20220620.140.jpg','record123',1,NULL),(13,'1.2.840.113663.1500.1.386983529.3.10.20220620.140.jpg','/home/thd2020/pas/1/record123/images/1.2.840.113663.1500.1.386983529.3.10.20220620.140.jpg','record123',1,NULL),(14,'mmexport1716130574783.jpg','/home/thd2020/pas/1/record123/images/mmexport1716130574783.jpg','record123',1,NULL),(15,'mmexport1716130574783.jpg','/home/thd2020/pas/1/record123/images/mmexport1716130574783.jpg','record123',1,NULL),(16,'mmexport1716130574783.jpg','/home/thd2020/pas/1/record123/images/mmexport1716130574783.jpg','record123',1,NULL),(17,'mmexport1716130574783.jpg','/home/thd2020/pas/1/record123/images/mmexport1716130574783.jpg','record123',1,NULL),(18,'mmexport1716130574783.jpg','/home/thd2020/pas/1/record123/images/mmexport1716130574783.jpg','record123',1,NULL),(19,'mmexport1716130574783.jpg','/home/thd2020/pas/1/record123/images/mmexport1716130574783.jpg','record123',1,NULL),(20,'mmexport1716130574783.jpg','/home/thd2020/pas/1/record123/images/mmexport1716130574783.jpg','record123',1,NULL),(21,'mmexport1716130574783.jpg','/home/thd2020/pas/1/record123/images/mmexport1716130574783.jpg','record123',1,NULL),(22,'mmexport1716130574783.jpg','/home/thd2020/pas/1/record123/images/mmexport1716130574783.jpg','record123',1,NULL),(23,'mmexport1716130574783.jpg','/home/thd2020/pas/1/record123/images/mmexport1716130574783.jpg','record123',1,NULL),(24,'mmexport1716130574783.jpg','/home/thd2020/pas/1/record123/images/mmexport1716130574783.jpg','record123',1,NULL),(25,'mmexport1716130574783.jpg','/home/thd2020/pas/1/record123/images/mmexport1716130574783.jpg','record123',1,NULL),(26,'mmexport1716130574783.jpg','/home/thd2020/pas/1/record123/images/mmexport1716130574783.jpg','record123',1,NULL),(27,'mmexport1716130574783.jpg','/home/thd2020/pas/1/record123/images/mmexport1716130574783.jpg','record123',1,NULL),(28,'22.png','/home/thd2020/pas/1/record123/images/22.png','record123',1,NULL),(29,'22.png','/home/thd2020/pas/1/record123/images/22.png','record123',1,NULL),(30,'22.png','/home/thd2020/pas/1/record123/images/22.png','record123',1,NULL),(31,'22.png','/home/thd2020/pas/1/record123/images/22.png','record123',1,NULL),(32,'22.png','/home/thd2020/pas/1/record123/images/22.png','record123',1,NULL),(33,'25.png','/home/thd2020/pas/1/record123/images/25.png','record123',1,NULL),(34,'23.png','/home/thd2020/pas/1/record123/images/23.png','record123',1,NULL),(35,'39.png','/home/thd2020/pas/1/record123/images/39.png','record123',1,NULL),(36,'[object Object]','/home/thd2020/pas/1/record123/images/[object Object]','record123',1,NULL),(37,'[object Object]','/home/thd2020/pas/1/record123/images/[object Object]','record123',1,NULL),(38,'30.png','/home/thd2020/pas/1/record123/images/30.png','record123',1,NULL),(39,'29.png','/home/thd2020/pas/1/record123/images/29.png','record123',1,NULL),(40,'28.png','/home/thd2020/pas/1/record123/images/28.png','record123',1,NULL),(41,'38.png','/home/thd2020/pas/1/record123/images/38.png','record123',1,NULL),(42,'38.png','/home/thd2020/pas/1/record123/images/38.png','record123',1,NULL),(43,'22.png','/home/thd2020/pas/1/record123/images/22.png','record123',1,NULL),(44,'25.png','/home/thd2020/pas/1/record123/images/25.png','record123',1,NULL),(45,'22.png','/home/thd2020/pas/1/record123/images/22.png','record123',1,NULL),(46,'37.png','/home/thd2020/pas/1/record123/images/37.png','record123',1,NULL),(47,'25.png','/home/thd2020/pas/1/record123/images/25.png','record123',1,NULL),(48,'22.png','/home/thd2020/pas/1/record123/images/22.png','record123',1,NULL),(49,'22.png','/home/thd2020/pas/1/record123/images/22.png','record123',1,NULL),(50,'22.png','/home/thd2020/pas/1/record123/images/22.png','record123',1,NULL),(51,'22.png','/home/thd2020/pas/1/record123/images/22.png','record123',1,NULL),(52,'28.png','/home/thd2020/pas/1/record123/images/28.png','record123',1,NULL),(53,'29.png','/home/thd2020/pas/1/record123/images/29.png','record123',1,NULL),(54,'4.png','/home/lmj/xyx/pas/1/record123/images/4.png','record123',1,NULL),(55,'38.png','/home/thd2020/pas/1/record123/images/38.png','record123',1,NULL),(56,'38.png','/home/thd2020/pas/1/record123/images/38.png','record123',1,NULL),(57,'2.png','/home/thd2020/pas/1/record123/images/2.png','record123',1,NULL),(58,'2.png','/home/thd2020/pas/1/record123/images/2.png','record123',1,NULL),(59,'30.jpg','/home/thd2020/pas/1/record123/images/30.jpg','record123',1,NULL),(60,'30.jpg','/home/thd2020/pas/1/record123/images/30.jpg','record123',1,NULL),(61,'30.jpg','/home/thd2020/pas/1/record123/images/30.jpg','record123',1,NULL),(62,'30.jpg','/home/thd2020/pas/1/record123/images/30.jpg','record123',1,NULL),(63,'微信图片_20240725182351.png;','/home/thd2020/pas/1/record123/images/微信图片_20240725182351.png;','record123',1,NULL),(64,'67.png;','/home/thd2020/pas/1/record123/images/67.png;','record123',1,NULL),(65,'1.png','/home/lmj/xyx/pas/1/record123/images/1.png','record123',1,0),(66,'膀胱.png','/home/lmj/xyx/pas/1/record123/images/膀胱.png','record123',1,NULL),(67,'膀胱.png','/home/lmj/xyx/pas/1/record123/images/膀胱.png','record123',1,NULL),(68,'膀胱.png','/home/lmj/xyx/pas/1/record123/images/膀胱.png','record123',1,NULL),(69,'膀胱.png','/home/lmj/xyx/pas/1/record123/images/膀胱.png','record123',1,NULL),(70,'膀胱.png','/home/lmj/xyx/pas/1/record123/images/膀胱.png','record123',1,NULL),(71,'膀胱.png','/home/lmj/xyx/pas/1/record123/images/膀胱.png','record123',1,NULL),(72,'膀胱.png','/home/lmj/xyx/pas/1/record123/images/膀胱.png','record123',1,NULL),(73,'膀胱.png','/home/lmj/xyx/pas/1/record123/images/膀胱.png','record123',1,NULL),(74,'膀胱.png','/home/lmj/xyx/pas/1/record123/images/膀胱.png','record123',1,NULL),(75,'膀胱.png','/home/lmj/xyx/pas/1/record123/images/膀胱.png','record123',1,NULL),(76,'_home_lmj_xyx_pas_1_record123_masks_1_mask.jpg','/home/lmj/xyx/pas/1/record123/images/_home_lmj_xyx_pas_1_record123_masks_1_mask.jpg','record123',1,NULL),(77,'401.png','/home/lmj/xyx/pas/1/record123/images/401.png','record123',1,NULL),(78,'30.png','/home/lmj/xyx/pas/1/record123/images/30.png','record123',1,NULL),(79,'6.png','/home/lmj/xyx/pas/1/record123/images/6.png','record123',1,NULL),(80,'6.png','/home/lmj/xyx/pas/1/record123/images/6.png','record123',1,NULL),(81,'37.png','/home/lmj/xyx/pas/1/record123/images/37.png','record123',1,NULL),(82,'38.png','/home/lmj/xyx/pas/1/record123/images/38.png','record123',1,NULL),(83,'39.png','/home/lmj/xyx/pas/1/record123/images/39.png','record123',1,NULL),(84,'40.png','/home/lmj/xyx/pas/1/record123/images/40.png','record123',1,0),(85,'401.png','/home/lmj/xyx/pas/1/record123/images/401.png','record123',1,NULL),(86,'屏幕截图 2024-09-08 122018.png','/home/lmj/xyx/pas/1/record123/images/屏幕截图 2024-09-08 122018.png','record123',1,NULL),(87,'40.png','/home/lmj/xyx/pas/1/record123/images/40.png','record123',1,NULL),(88,'40.png','/home/lmj/xyx/pas/1/record123/images/40.png','record123',1,NULL),(89,'36.png','/home/lmj/xyx/pas/1/record123/images/36.png','record123',1,NULL),(90,'36.png','/home/lmj/xyx/pas/1/record123/images/36.png','record123',1,NULL),(91,'34.png','/home/lmj/xyx/pas/1/record123/images/34.png','record123',1,NULL),(92,'34.png','/home/lmj/xyx/pas/1/record123/images/34.png','record123',1,NULL),(93,'36.png','/home/lmj/xyx/pas/1/record123/images/36.png','record123',1,NULL),(94,'37.png','/home/lmj/xyx/pas/1/record123/images/37.png','record123',1,NULL),(95,'36.png','/home/lmj/xyx/pas/1/record123/images/36.png','record123',1,NULL),(96,'35.png','/home/lmj/xyx/pas/22/22_CT_20240911/images/35.png','22_CT_20240911',22,NULL),(97,'20.png','/home/lmj/xyx/pas/22/22_CT_20240911/images/20.png','22_CT_20240911',22,NULL),(98,'36.png','/home/lmj/xyx/pas/22/22_CT_20240911/images/36.png','22_CT_20240911',22,NULL),(99,'33.png','/home/lmj/xyx/pas/22/22_CT_20240911/images/33.png','22_CT_20240911',22,NULL),(100,'31.png','/home/lmj/xyx/pas/22/22_CT_20240911/images/31.png','22_CT_20240911',22,NULL),(101,'33.png','/home/lmj/xyx/pas/22/22_CT_20240911/images/33.png','22_CT_20240911',22,NULL),(102,'32.png','/home/lmj/xyx/pas/22/22_CT_20240911/images/32.png','22_CT_20240911',22,NULL),(103,'34.png','/home/lmj/xyx/pas/22/22_CT_20240911/images/34.png','22_CT_20240911',22,NULL),(104,'38.png','/home/lmj/xyx/pas/22/22_MRI_20240911/images/38.png','22_MRI_20240911',22,NULL),(105,'36.png','/home/lmj/xyx/pas/22/22_MRI_20240911/images/36.png','22_MRI_20240911',22,NULL),(106,'37.png','/home/lmj/xyx/pas/22/22_MRI_20240911/images/37.png','22_MRI_20240911',22,NULL),(107,'39.png','/home/lmj/xyx/pas/22/22_MRI_20240911/images/39.png','22_MRI_20240911',22,NULL),(108,'16.png','/home/lmj/xyx/pas/1/record123/images/16.png','record123',1,NULL),(109,'9.png','/home/lmj/xyx/pas/1/record123/images/9.png','record123',1,NULL),(110,'102.jpeg','/home/lmj/xyx/pas/1/record123/images/102.jpeg','record123',1,NULL),(111,'36.png','/home/lmj/xyx/pas/22/22_CT_20240911/images/36.png','22_CT_20240911',22,NULL),(112,'111.jpeg','/home/lmj/xyx/pas/1/record123/images/111.jpeg','record123',1,NULL),(113,'39.png','/home/lmj/xyx/pas/23/23_CT_20240911/images/39.png','23_CT_20240911',23,NULL),(114,'42.png','/home/lmj/xyx/pas/23/23_CT_20240911/images/42.png','23_CT_20240911',23,NULL),(115,'41.png','/home/lmj/xyx/pas/23/23_CT_20240911/images/41.png','23_CT_20240911',23,NULL),(116,'40.png','/home/lmj/xyx/pas/23/23_CT_20240911/images/40.png','23_CT_20240911',23,NULL),(117,'44.png','/home/lmj/xyx/pas/23/23_CT_20240911/images/44.png','23_CT_20240911',23,NULL),(118,'43.png','/home/lmj/xyx/pas/23/23_CT_20240911/images/43.png','23_CT_20240911',23,NULL),(119,'39.png','/home/lmj/xyx/pas/23/23_MRI_20240911/images/39.png','23_MRI_20240911',23,NULL),(120,'38.png','/home/lmj/xyx/pas/23/23_MRI_20240911/images/38.png','23_MRI_20240911',23,NULL),(121,'36.png','/home/lmj/xyx/pas/23/23_MRI_20240911/images/36.png','23_MRI_20240911',23,NULL),(122,'35.png','/home/lmj/xyx/pas/23/23_MRI_20240911/images/35.png','23_MRI_20240911',23,NULL),(123,'37.png','/home/lmj/xyx/pas/23/23_MRI_20240911/images/37.png','23_MRI_20240911',23,NULL),(124,'34.png','/home/lmj/xyx/pas/23/23_CT_20240911/images/34.png','23_CT_20240911',23,NULL),(125,'39.png','/home/lmj/xyx/pas/23/23_CT_20240911/images/39.png','23_CT_20240911',23,NULL),(126,'36.png','/home/lmj/xyx/pas/23/23_CT_20240911/images/36.png','23_CT_20240911',23,NULL),(127,'35.png','/home/lmj/xyx/pas/23/23_CT_20240911/images/35.png','23_CT_20240911',23,NULL),(128,'38.png','/home/lmj/xyx/pas/23/23_CT_20240911/images/38.png','23_CT_20240911',23,NULL),(129,'37.png','/home/lmj/xyx/pas/23/23_CT_20240911/images/37.png','23_CT_20240911',23,NULL),(130,'117.jpeg','/home/lmj/xyx/pas/1/record123/images/117.jpeg','record123',1,NULL),(131,'39.png','/home/lmj/xyx/pas/1/record123/images/39.png','record123',1,NULL),(132,'99.jpeg','/home/lmj/xyx/pas/1/record123/images/99.jpeg','record123',1,NULL),(133,'36.png','/home/lmj/xyx/pas/1/record123/images/36.png','record123',1,NULL),(134,'36.png','/home/lmj/xyx/pas/1/record123/images/36.png','record123',1,NULL),(135,'36.png','/home/lmj/xyx/pas/1/record123/images/36.png','record123',1,NULL),(136,'43.png','/home/lmj/xyx/pas/22/22_CT_20240911/images/43.png','22_CT_20240911',22,NULL),(137,'44.png','/home/lmj/xyx/pas/22/22_CT_20240911/images/44.png','22_CT_20240911',22,NULL),(138,'36.png','/home/lmj/xyx/pas/22/22_MRI_20240911/images/36.png','22_MRI_20240911',22,NULL),(139,'38.png','/home/lmj/xyx/pas/22/22_MRI_20240911/images/38.png','22_MRI_20240911',22,NULL),(140,'37.png','/home/lmj/xyx/pas/22/22_MRI_20240911/images/37.png','22_MRI_20240911',22,NULL),(141,'42.png','/home/lmj/xyx/pas/22/22_CT_20240911/images/42.png','22_CT_20240911',22,NULL),(142,'43.png','/home/lmj/xyx/pas/22/22_CT_20240911/images/43.png','22_CT_20240911',22,NULL),(143,'41.png','/home/lmj/xyx/pas/22/22_CT_20240911/images/41.png','22_CT_20240911',22,NULL),(144,'44.png','/home/lmj/xyx/pas/22/22_CT_20240911/images/44.png','22_CT_20240911',22,NULL),(145,'35.png','/home/lmj/xyx/pas/1/record123/images/35.png','record123',1,NULL),(146,'35.png','/home/lmj/xyx/pas/1/record123/images/35.png','record123',1,NULL),(147,'22.png','/home/lmj/xyx/pas/1/record123/images/22.png','record123',1,NULL),(148,'22.png','/home/lmj/xyx/pas/1/record123/images/22.png','record123',1,NULL),(149,'35.png','/home/lmj/xyx/pas/1/record123/images/35.png','record123',1,NULL),(150,'1.2.410.200001.1.1131.576368758.3.20210709.1160914098.797.2.jpg','/home/lmj/xyx/pas/1/record123/images/1.2.410.200001.1.1131.576368758.3.20210709.1160914098.797.2.jpg','record123',1,NULL),(151,'1.2.410.200001.1.1131.576368758.3.20210709.1160914098.797.2.jpg','/home/lmj/xyx/pas/1/record123/images/1.2.410.200001.1.1131.576368758.3.20210709.1160914098.797.2.jpg','record123',1,NULL),(152,'1.2.410.200001.1.11801.2600264927.3.20210713.1163922933.386.50.jpg','/home/lmj/xyx/pas/1/record123/images/1.2.410.200001.1.11801.2600264927.3.20210713.1163922933.386.50.jpg','record123',1,NULL),(153,'1.2.410.200001.1.11801.2600264927.3.20210713.1163922933.386.50.jpg','/home/lmj/xyx/pas/1/record123/images/1.2.410.200001.1.11801.2600264927.3.20210713.1163922933.386.50.jpg','record123',1,NULL),(154,'1.2.410.200001.1.11801.2600264927.3.20210713.1163922933.386.50.jpg','/home/lmj/xyx/pas/1/record123/images/1.2.410.200001.1.11801.2600264927.3.20210713.1163922933.386.50.jpg','record123',1,NULL),(155,'1.2.410.200001.1.1131.576368758.3.20210709.1160914098.797.2.jpg','/home/lmj/xyx/pas/1/record123/images/1.2.410.200001.1.1131.576368758.3.20210709.1160914098.797.2.jpg','record123',1,NULL),(156,'1.2.410.200001.1.1131.576368758.3.20210709.1160914098.797.2.jpg','/home/lmj/xyx/pas/1/record123/images/1.2.410.200001.1.1131.576368758.3.20210709.1160914098.797.2.jpg','record123',1,NULL),(157,'1.2.410.200001.1.1131.576368758.3.20210709.1160914098.797.2.jpg','/home/lmj/xyx/pas/1/record123/images/1.2.410.200001.1.1131.576368758.3.20210709.1160914098.797.2.jpg','record123',1,NULL),(158,'1.2.410.200001.1.1131.576368758.3.20210709.1160914098.797.2.jpg','/home/lmj/xyx/pas/1/record123/images/1.2.410.200001.1.1131.576368758.3.20210709.1160914098.797.2.jpg','record123',1,NULL),(159,'16_15.png','/home/lmj/xyx/pas/1/record123/images/16_15.png','record123',1,NULL),(160,'16_15.png','/home/lmj/xyx/pas/1/record123/images/16_15.png','record123',1,NULL),(161,'13_12.png','/home/lmj/xyx/pas/1/record123/images/13_12.png','record123',1,NULL),(162,'13_12.png','/home/lmj/xyx/pas/1/record123/images/13_12.png','record123',1,NULL),(163,'13_12.png','/home/lmj/xyx/pas/1/record123/images/13_12.png','record123',1,NULL),(164,'13_12.png','/home/lmj/xyx/pas/1/record123/images/13_12.png','record123',1,NULL),(165,'13_12.png','/home/lmj/xyx/pas/1/record123/images/13_12.png','record123',1,NULL),(166,'20240122002734_17_16.png','/home/lmj/xyx/pas/1/record123/images/20240122002734_17_16.png','record123',1,NULL),(167,'20240122002734_17_16.png','/home/lmj/xyx/pas/1/record123/images/20240122002734_17_16.png','record123',1,NULL),(168,'12_11.png','/home/lmj/xyx/pas/1/record123/images/12_11.png','record123',1,NULL),(169,'4_3.png','/home/lmj/xyx/pas/1/record123/images/4_3.png','record123',1,NULL),(170,'20240122002734_16_15.png','/home/lmj/xyx/pas/1/record123/images/20240122002734_16_15.png','record123',1,NULL),(171,'20240122002734_25_24.png','/home/lmj/xyx/pas/1/record123/images/20240122002734_25_24.png','record123',1,NULL),(172,'20240122002734_25_24.png','/home/lmj/xyx/pas/1/record123/images/20240122002734_25_24.png','record123',1,NULL),(173,'20240122002734_25_24.png','/home/lmj/xyx/pas/1/record123/images/20240122002734_25_24.png','record123',1,NULL),(174,'20240122002734_25_24.png','/home/lmj/xyx/pas/1/record123/images/20240122002734_25_24.png','record123',1,NULL),(175,'20240122002734_25_24.png','/home/lmj/xyx/pas/1/record123/images/20240122002734_25_24.png','record123',1,NULL),(176,'20240122002734_25_24.png','/home/lmj/xyx/pas/1/record123/images/20240122002734_25_24.png','record123',1,NULL),(177,'20240122002734_25_24.png','/home/lmj/xyx/pas/1/record123/images/20240122002734_25_24.png','record123',1,NULL),(178,'20240122002734_25_24.png','/home/lmj/xyx/pas/1/record123/images/20240122002734_25_24.png','record123',1,NULL),(179,'20240122002734_25_24.png','/home/lmj/xyx/pas/1/record123/images/20240122002734_25_24.png','record123',1,NULL),(180,'20240122002734_25_24.png','/home/lmj/xyx/pas/1/record123/images/20240122002734_25_24.png','record123',1,NULL),(181,'20240122002734_17_16.png','/home/lmj/xyx/pas/1/record123/images/20240122002734_17_16.png','record123',1,NULL),(182,'20240122002734_17_16.png','/home/lmj/xyx/pas/1/record123/images/20240122002734_17_16.png','record123',1,NULL),(183,'20240122002734_17_16.png','/home/lmj/xyx/pas/1/record123/images/20240122002734_17_16.png','record123',1,NULL),(184,'20240122002734_17_16.png','/home/lmj/xyx/pas/1/record123/images/20240122002734_17_16.png','record123',1,NULL),(185,'20240122002734_25_24.png','/home/lmj/xyx/pas/1/record123/images/20240122002734_25_24.png','record123',1,NULL),(186,'20240122002734_24_23.png','/home/lmj/xyx/pas/1/record123/images/20240122002734_24_23.png','record123',1,NULL),(187,'20240122002734_24_23.png','/home/lmj/xyx/pas/1/record123/images/20240122002734_24_23.png','record123',1,NULL),(188,'1656216_20.png','/home/lmj/xyx/pas/1/record123/images/1656216_20.png','record123',1,NULL),(189,'1656216_24.png','/home/lmj/xyx/pas/1/record123/images/1656216_24.png','record123',1,NULL),(190,'1656216_20.png','/home/lmj/xyx/pas/1/record123/images/1656216_20.png','record123',1,NULL),(191,'1656216_23.png','/home/lmj/xyx/pas/1/record123/images/1656216_23.png','record123',1,NULL),(192,'1715362_22.png','/home/lmj/xyx/pas/1/record123/images/1715362_22.png','record123',1,NULL),(193,'1715362_22.png','/home/lmj/xyx/pas/1/record123/images/1715362_22.png','record123',1,NULL),(194,'1750605_23.png','/home/lmj/xyx/pas/1/record123/images/1750605_23.png','record123',1,NULL),(195,'1750605_23.png','/home/lmj/xyx/pas/1/record123/images/1750605_23.png','record123',1,NULL),(196,'屏幕截图 2025-02-03 002013.png','/home/lmj/xyx/pas/1/record123/images/屏幕截图 2025-02-03 002013.png','record123',1,NULL),(197,'屏幕截图 2024-09-08 122018.png','/home/lmj/xyx/pas/1/record123/images/屏幕截图 2024-09-08 122018.png','record123',1,NULL),(198,'屏幕截图 2024-09-10 201200.png','/home/lmj/xyx/pas/1/record123/images/屏幕截图 2024-09-10 201200.png','record123',1,NULL),(199,'屏幕截图 2025-02-22 005359.png','/home/lmj/xyx/pas/1/record123/images/屏幕截图 2025-02-22 005359.png','record123',1,NULL),(200,'Hearthstone Screenshot 01-03-25 01.34.49.png','/home/lmj/xyx/pas/1/record123/images/Hearthstone Screenshot 01-03-25 01.34.49.png','record123',1,NULL),(201,'Hearthstone Screenshot 01-05-25 02.22.44.png','/home/lmj/xyx/pas/1/record123/images/Hearthstone Screenshot 01-05-25 02.22.44.png','record123',1,NULL),(202,'Hearthstone Screenshot 01-11-25 01.57.59.png','/home/lmj/xyx/pas/1/record123/images/Hearthstone Screenshot 01-11-25 01.57.59.png','record123',1,NULL),(203,'Hearthstone Screenshot 01-03-25 01.34.49.png','/home/lmj/xyx/pas/1/record123/images/Hearthstone Screenshot 01-03-25 01.34.49.png','record123',1,NULL),(204,'Hearthstone Screenshot 01-03-25 01.34.49.png','/home/lmj/xyx/pas/1/record123/images/Hearthstone Screenshot 01-03-25 01.34.49.png','record123',1,NULL),(205,'Hearthstone Screenshot 01-13-25 00.33.51.png','/home/lmj/xyx/pas/1/record123/images/Hearthstone Screenshot 01-13-25 00.33.51.png','record123',1,NULL),(206,'Hearthstone Screenshot 01-17-25 01.42.12.png','/home/lmj/xyx/pas/1/record123/images/Hearthstone Screenshot 01-17-25 01.42.12.png','record123',1,NULL),(207,'Hearthstone Screenshot 01-17-25 01.42.12.png','/home/lmj/xyx/pas/1/record123/images/Hearthstone Screenshot 01-17-25 01.42.12.png','record123',1,NULL),(208,'Hearthstone Screenshot 01-05-25 02.22.44.png','/home/lmj/xyx/pas/1/record123/images/Hearthstone Screenshot 01-05-25 02.22.44.png','record123',1,NULL),(209,'Hearthstone Screenshot 01-05-25 02.22.44.png','/home/lmj/xyx/pas/1/record123/images/Hearthstone Screenshot 01-05-25 02.22.44.png','record123',1,NULL),(210,'Hearthstone Screenshot 01-17-25 01.42.12.png','/home/lmj/xyx/pas/1/record123/images/Hearthstone Screenshot 01-17-25 01.42.12.png','record123',1,0),(211,'Hearthstone Screenshot 01-18-25 02.24.57.png','/home/lmj/xyx/pas/1/record123/images/Hearthstone Screenshot 01-18-25 02.24.57.png','record123',1,NULL),(212,'Novelai_v4.webp','/home/lmj/xyx/pas/1/record123/images/Novelai_v4.webp','record123',1,NULL),(213,'Hearthstone Screenshot 01-07-25 01.21.26.png','/home/lmj/xyx/pas/1/record123/images/Hearthstone Screenshot 01-07-25 01.21.26.png','record123',1,NULL),(214,'Capture001.png','/home/lmj/xyx/pas/1/record123/images/Capture001.png','record123',1,NULL),(215,'15_14.png','/home/lmj/xyx/pas/1/record123/images/15_14.png','record123',1,NULL),(216,'22.png','/home/lmj/xyx/pas/1/record123/images/22.png','record123',1,NULL),(217,'31_30.png','/home/lmj/xyx/pas/1/record123/images/31_30.png','record123',1,NULL),(218,'2_1.png','/home/lmj/xyx/pas/1/record123/images/2_1.png','record123',1,NULL),(219,'27_26.png','/home/lmj/xyx/pas/1/record123/images/27_26.png','record123',1,NULL),(220,'27_26.png','/home/lmj/xyx/pas/1/record123/images/27_26.png','record123',1,0),(221,'IMG_9777.jpeg','/home/lmj/xyx/pas/1/record123/images/IMG_9777.jpeg','record123',1,0),(222,'1656216_24.png','/home/lmj/xyx/pas/1/record123/images/1656216_24.png','record123',1,NULL),(223,'1656216_24.png','/home/lmj/xyx/pas/1/record123/images/1656216_24.png','record123',1,NULL),(224,'1656216_23.png','/home/lmj/xyx/pas/1/record123/images/1656216_23.png','record123',1,NULL),(225,'1715362_28.png','/home/lmj/xyx/pas/1/record123/images/1715362_28.png','record123',1,NULL),(226,'1656216_23.png','/home/lmj/xyx/pas/1/record123/images/1656216_23.png','record123',1,NULL),(227,'1656216_23.png','/home/lmj/xyx/pas/1/record123/images/1656216_23.png','record123',1,NULL),(228,'1656216_24.png','/home/lmj/xyx/pas/1/record123/images/1656216_24.png','record123',1,NULL),(229,'1656216_24.png','/home/lmj/xyx/pas/1/record123/images/1656216_24.png','record123',1,NULL),(230,'1656216_23.png','/home/lmj/xyx/pas/1/record123/images/1656216_23.png','record123',1,NULL),(231,'1715362_22.png','/home/lmj/xyx/pas/1/record123/images/1715362_22.png','record123',1,NULL),(232,'18_17.png','/home/lmj/xyx/pas/27/record125/images/18_17.png','record125',27,NULL),(233,'18_17.png','/home/lmj/xyx/pas/27/record125/images/18_17.png','record125',27,NULL),(234,'18_17.png','/home/lmj/xyx/pas/27/record125/images/18_17.png','record125',27,NULL),(235,'18_17.png','/home/lmj/xyx/pas/27/record125/images/18_17.png','record125',27,NULL),(236,'15_14.png','/home/lmj/xyx/pas/27/record125/images/15_14.png','record125',27,NULL),(237,'17_16.png','/home/lmj/xyx/pas/27/record125/images/17_16.png','record125',27,NULL),(238,'17_16.png','/home/lmj/xyx/pas/27/record125/images/17_16.png','record125',27,NULL),(239,'17_16.png','/home/lmj/xyx/pas/27/record125/images/17_16.png','record125',27,NULL),(240,'17_16.png','/home/lmj/xyx/pas/27/record125/images/17_16.png','record125',27,NULL),(241,'17_16.png','/home/lmj/xyx/pas/27/record125/images/17_16.png','record125',27,NULL),(242,'23_22.png','/home/lmj/xyx/pas/27/record125/images/23_22.png','record125',27,NULL),(243,'23_22.png','/home/lmj/xyx/pas/27/record125/images/23_22.png','record125',27,NULL),(244,'11_10.png','/home/lmj/xyx/pas/27/record125/images/11_10.png','record125',27,NULL),(245,'19_18.png','/home/lmj/xyx/pas/27/record125/images/19_18.png','record125',27,NULL),(246,'Screenshot_20250313-133547_Hearthstone.png','/home/lmj/xyx/pas/1/record124/images/Screenshot_20250313-133547_Hearthstone.png','record124',1,NULL),(247,'Screenshot_20250313-133547_Hearthstone.png','/home/lmj/xyx/pas/1/record124/images/Screenshot_20250313-133547_Hearthstone.png','record124',1,NULL),(248,'Screenshot_20250313-133547_Hearthstone.png','/home/lmj/xyx/pas/1/record124/images/Screenshot_20250313-133547_Hearthstone.png','record124',1,NULL),(249,'Screenshot_20250313-133547_Hearthstone.png','/home/lmj/xyx/pas/1/record124/images/Screenshot_20250313-133547_Hearthstone.png','record124',1,NULL),(250,'Screenshot_20250313-133547_Hearthstone.png','/home/lmj/xyx/pas/1/record124/images/Screenshot_20250313-133547_Hearthstone.png','record124',1,NULL),(251,'PXL_20250306_180247470.MV.jpg','/home/lmj/xyx/pas/1/record124/images/PXL_20250306_180247470.MV.jpg','record124',1,NULL),(252,'Screenshot_20250304-222306_Eastmoney.png','/home/lmj/xyx/pas/1/record124/images/Screenshot_20250304-222306_Eastmoney.png','record124',1,NULL),(253,'comparison_with_gt.png','/home/lmj/xyx/pas/1/record123/images/comparison_with_gt.png','record123',1,NULL),(254,'31_30.png','/home/lmj/xyx/pas/27/record125/images/31_30.png','record125',27,NULL),(255,'20.png','/home/lmj/xyx/pas/27/record125/images/20.png','record125',27,NULL),(256,'38_37.png','/home/lmj/xyx/pas/1/record123/images/38_37.png','record123',1,NULL),(257,'7_6.png','/home/lmj/xyx/pas/27/record125/images/7_6.png','record125',27,NULL),(258,'7_6.png','/home/lmj/xyx/pas/27/record125/images/7_6.png','record125',27,NULL),(259,'1656216_23.png','/home/lmj/xyx/pas/1/record123/images/1656216_23.png','record123',1,NULL),(260,'1656216_23.png','/home/lmj/xyx/pas/1/record123/images/1656216_23.png','record123',1,NULL),(261,'1750605_22.png','/home/lmj/xyx/pas/1/record123/images/1750605_22.png','record123',1,NULL),(262,'1750605_22.png','/home/lmj/xyx/pas/1/record123/images/1750605_22.png','record123',1,NULL),(263,'1656216_23.png','/home/lmj/xyx/pas/1/record123/images/1656216_23.png','record123',1,NULL),(264,'1656216_23.png','/home/lmj/xyx/pas/1/record123/images/1656216_23.png','record123',1,NULL),(265,'1656216_24.png','/home/lmj/xyx/pas/1/record123/images/1656216_24.png','record123',1,NULL),(266,'1715362_22.png','/home/lmj/xyx/pas/1/record123/images/1715362_22.png','record123',1,NULL),(267,'1656216_21.png','/home/lmj/xyx/pas/1/record123/images/1656216_21.png','record123',1,NULL),(268,'1656216_21.png','/home/lmj/xyx/pas/1/record123/images/1656216_21.png','record123',1,NULL),(269,'1656216_20.png','/home/lmj/xyx/pas/1/record123/images/1656216_20.png','record123',1,NULL),(270,'1656216_22.png','/home/lmj/xyx/pas/1/record123/images/1656216_22.png','record123',1,NULL),(271,'1656216_22.png','/home/lmj/xyx/pas/1/record123/images/1656216_22.png','record123',1,NULL),(272,'1656216_23.png','/home/lmj/xyx/pas/1/record123/images/1656216_23.png','record123',1,NULL),(273,'1656216_23.png','/home/lmj/xyx/pas/1/record123/images/1656216_23.png','record123',1,NULL),(274,'1656216_20.png','/home/lmj/xyx/pas/1/record123/images/1656216_20.png','record123',1,NULL),(275,'1656216_23.png','/home/lmj/xyx/pas/1/record123/images/1656216_23.png','record123',1,NULL),(276,'1656216_23.png','/home/lmj/xyx/pas/1/record123/images/1656216_23.png','record123',1,NULL),(277,'1656216_23.png','/home/lmj/xyx/pas/1/record123/images/1656216_23.png','record123',1,NULL),(278,'1656216_24.png','/home/lmj/xyx/pas/1/record123/images/1656216_24.png','record123',1,NULL),(279,'1656216_24.png','/home/lmj/xyx/pas/1/record123/images/1656216_24.png','record123',1,NULL),(280,'1715362_22.png','/home/lmj/xyx/pas/1/record123/images/1715362_22.png','record123',1,NULL),(281,'1656216_24.png','/home/lmj/xyx/pas/1/record123/images/1656216_24.png','record123',1,NULL),(282,'1715362_22.png','/home/lmj/xyx/pas/1/record123/images/1715362_22.png','record123',1,NULL),(283,'1656216_24.png','/home/lmj/xyx/pas/1/record123/images/1656216_24.png','record123',1,NULL),(284,'1656216_24.png','/home/lmj/xyx/pas/1/record123/images/1656216_24.png','record123',1,NULL),(285,'1656216_24.png','/home/lmj/xyx/pas/1/record123/images/1656216_24.png','record123',1,NULL),(286,'1656216_24.png','/home/lmj/xyx/pas/1/record123/images/1656216_24.png','record123',1,NULL),(287,'1656216_24.png','/home/lmj/xyx/pas/1/record123/images/1656216_24.png','record123',1,NULL),(288,'1656216_23.png','/home/lmj/xyx/pas/1/record123/images/1656216_23.png','record123',1,NULL),(289,'1656216_22.png','/home/lmj/xyx/pas/1/record123/images/1656216_22.png','record123',1,NULL),(290,'1656216_22.png','/home/lmj/xyx/pas/1/record123/images/1656216_22.png','record123',1,NULL),(291,'1656216_24.png','/home/lmj/xyx/pas/1/record123/images/1656216_24.png','record123',1,NULL),(292,'1656216_23.png','/home/lmj/xyx/pas/1/record123/images/1656216_23.png','record123',1,NULL),(293,'1656216_24.png','/home/lmj/xyx/pas/1/record123/images/1656216_24.png','record123',1,NULL),(294,'1656216_24.png','/home/lmj/xyx/pas/1/record123/images/1656216_24.png','record123',1,NULL),(295,'1656216_24.png','/home/lmj/xyx/pas/1/record123/images/1656216_24.png','record123',1,NULL),(296,'1656216_22.png','/home/lmj/xyx/pas/1/record123/images/1656216_22.png','record123',1,NULL),(297,'1656216_22.png','/home/lmj/xyx/pas/1/record123/images/1656216_22.png','record123',1,NULL),(298,'1656216_21.png','/home/lmj/xyx/pas/1/record123/images/1656216_21.png','record123',1,NULL),(299,'1656216_24.png','/home/lmj/xyx/pas/1/record123/images/1656216_24.png','record123',1,NULL),(300,'1715362_22.png','/home/lmj/xyx/pas/1/record123/images/1715362_22.png','record123',1,NULL),(301,'1656216_24.png','/home/lmj/xyx/pas/1/record123/images/1656216_24.png','record123',1,NULL),(302,'1656216_23.png','/home/lmj/xyx/pas/1/record123/images/1656216_23.png','record123',1,NULL),(303,'1656216_23.png','/home/lmj/xyx/pas/1/record123/images/1656216_23.png','record123',1,NULL),(304,'1656216_23.png','/home/lmj/xyx/pas/1/record123/images/1656216_23.png','record123',1,NULL),(305,'1656216_23.png','/home/lmj/xyx/pas/1/record123/images/1656216_23.png','record123',1,NULL),(306,'1656216_23.png','/home/lmj/xyx/pas/1/record123/images/1656216_23.png','record123',1,NULL),(307,'1656216_23.png','/home/lmj/xyx/pas/1/record123/images/1656216_23.png','record123',1,NULL),(308,'1715362_22.png','/home/lmj/xyx/pas/1/record123/images/1715362_22.png','record123',1,NULL),(309,'1656216_23.png','/home/lmj/xyx/pas/1/record123/images/1656216_23.png','record123',1,NULL),(310,'1656216_23.png','/home/lmj/xyx/pas/1/record123/images/1656216_23.png','record123',1,NULL),(311,'1656216_23.png','/home/lmj/xyx/pas/1/record123/images/1656216_23.png','record123',1,NULL),(312,'1656216_23.png','/home/lmj/xyx/pas/1/record123/images/1656216_23.png','record123',1,NULL),(313,'1656216_23.png','/home/lmj/xyx/pas/1/record123/images/1656216_23.png','record123',1,NULL),(314,'1656216_23.png','/home/lmj/xyx/pas/1/record123/images/1656216_23.png','record123',1,NULL),(315,'1656216_23.png','/home/lmj/xyx/pas/1/record123/images/1656216_23.png','record123',1,NULL),(316,'1656216_23.png','/home/lmj/xyx/pas/1/record123/images/1656216_23.png','record123',1,NULL),(317,'1656216_23.png','/home/lmj/xyx/pas/1/record123/images/1656216_23.png','record123',1,NULL),(318,'1656216_23.png','/home/lmj/xyx/pas/1/record123/images/1656216_23.png','record123',1,NULL),(319,'1656216_22.png','/home/lmj/xyx/pas/1/record123/images/1656216_22.png','record123',1,NULL),(320,'1656216_22.png','/home/lmj/xyx/pas/1/record123/images/1656216_22.png','record123',1,NULL),(321,'1656216_22.png','/home/lmj/xyx/pas/1/record123/images/1656216_22.png','record123',1,NULL),(322,'1656216_21.png','/home/lmj/xyx/pas/1/record123/images/1656216_21.png','record123',1,NULL),(323,'1656216_22.png','/home/lmj/xyx/pas/1/record123/images/1656216_22.png','record123',1,NULL),(324,'1656216_22.png','/home/lmj/xyx/pas/1/record123/images/1656216_22.png','record123',1,NULL),(325,'1656216_22.png','/home/lmj/xyx/pas/1/record123/images/1656216_22.png','record123',1,NULL),(326,'1656216_22.png','/home/lmj/xyx/pas/1/record123/images/1656216_22.png','record123',1,NULL),(327,'1656216_22.png','/home/lmj/xyx/pas/1/record123/images/1656216_22.png','record123',1,NULL),(328,'1656216_22.png','/home/lmj/xyx/pas/1/record123/images/1656216_22.png','record123',1,NULL),(329,'1656216_22.png','/home/lmj/xyx/pas/1/record123/images/1656216_22.png','record123',1,NULL),(330,'1656216_21.png','/home/lmj/xyx/pas/1/record123/images/1656216_21.png','record123',1,NULL),(331,'1656216_22.png','/home/lmj/xyx/pas/1/record123/images/1656216_22.png','record123',1,NULL),(332,'1656216_23.png','/home/lmj/xyx/pas/1/record123/images/1656216_23.png','record123',1,NULL),(333,'1656216_23.png','/home/lmj/xyx/pas/1/record123/images/1656216_23.png','record123',1,NULL),(334,'1656216_23.png','/home/lmj/xyx/pas/1/record123/images/1656216_23.png','record123',1,NULL),(335,'1656216_22.png','/home/lmj/xyx/pas/1/record123/images/1656216_22.png','record123',1,NULL),(336,'1656216_23.png','/home/lmj/xyx/pas/1/record123/images/1656216_23.png','record123',1,NULL),(337,'1656216_22.png','/home/lmj/xyx/pas/1/record123/images/1656216_22.png','record123',1,NULL),(338,'1656216_22.png','/home/lmj/xyx/pas/1/record123/images/1656216_22.png','record123',1,NULL),(339,'1656216_24.png','/home/lmj/xyx/pas/1/record123/images/1656216_24.png','record123',1,NULL),(340,'1715362_22.png','/home/lmj/xyx/pas/1/record123/images/1715362_22.png','record123',1,NULL),(341,'1656216_23.png','/home/lmj/xyx/pas/1/record123/images/1656216_23.png','record123',1,NULL),(342,'1656216_23.png','/home/lmj/xyx/pas/1/record123/images/1656216_23.png','record123',1,NULL),(343,'1656216_23.png','/home/lmj/xyx/pas/1/record123/images/1656216_23.png','record123',1,NULL),(344,'1656216_23.png','/home/lmj/xyx/pas/1/record123/images/1656216_23.png','record123',1,NULL),(345,'1656216_23.png','/home/lmj/xyx/pas/1/record123/images/1656216_23.png','record123',1,NULL),(346,'1656216_23.png','/home/lmj/xyx/pas/1/record123/images/1656216_23.png','record123',1,NULL),(347,'1656216_23.png','/home/lmj/xyx/pas/1/record123/images/1656216_23.png','record123',1,NULL),(348,'1656216_22.png','/home/lmj/xyx/pas/1/record123/images/1656216_22.png','record123',1,NULL),(349,'1656216_23.png','/home/lmj/xyx/pas/1/record123/images/1656216_23.png','record123',1,NULL),(350,'1656216_23.png','/home/lmj/xyx/pas/1/record123/images/1656216_23.png','record123',1,NULL),(351,'1656216_23.png','/home/lmj/xyx/pas/1/record123/images/1656216_23.png','record123',1,NULL),(352,'1656216_20.png','/home/lmj/xyx/pas/1/record123/images/1656216_20.png','record123',1,NULL),(353,'1656216_20.png','/home/lmj/xyx/pas/1/record123/images/1656216_20.png','record123',1,NULL),(354,'1656216_21.png','/home/lmj/xyx/pas/1/record123/images/1656216_21.png','record123',1,NULL),(355,'1656216_21.png','/home/lmj/xyx/pas/1/record123/images/1656216_21.png','record123',1,NULL),(356,'1656216_20.png','/home/lmj/xyx/pas/1/record123/images/1656216_20.png','record123',1,NULL),(357,'1656216_20.png','/home/lmj/xyx/pas/1/record123/images/1656216_20.png','record123',1,NULL),(358,'1656216_20.png','/home/lmj/xyx/pas/1/record123/images/1656216_20.png','record123',1,NULL),(359,'1656216_20.png','/home/lmj/xyx/pas/1/record123/images/1656216_20.png','record123',1,NULL),(360,'1656216_20.png','/home/lmj/xyx/pas/1/record123/images/1656216_20.png','record123',1,NULL),(361,'1656216_20.png','/home/lmj/xyx/pas/1/record123/images/1656216_20.png','record123',1,NULL),(362,'1656216_20.png','/home/lmj/xyx/pas/1/record123/images/1656216_20.png','record123',1,NULL),(363,'1740895_18_17.png','/home/lmj/xyx/pas/1/record123/images/1740895_18_17.png','record123',1,NULL),(364,'1656216_21.png','/home/lmj/xyx/pas/1/record123/images/1656216_21.png','record123',1,NULL),(365,'1656216_21.png','/home/lmj/xyx/pas/1/record123/images/1656216_21.png','record123',1,NULL),(366,'1656216_21.png','/home/lmj/xyx/pas/1/record123/images/1656216_21.png','record123',1,NULL),(367,'1656216_21.png','/home/lmj/xyx/pas/1/record123/images/1656216_21.png','record123',1,NULL),(368,'1656216_20.png','/home/lmj/xyx/pas/1/record123/images/1656216_20.png','record123',1,NULL),(369,'1656216_20.png','/home/lmj/xyx/pas/1/record123/images/1656216_20.png','record123',1,NULL),(370,'1656216_23.png','/home/lmj/xyx/pas/1/record123/images/1656216_23.png','record123',1,NULL),(371,'1656216_23.png','/home/lmj/xyx/pas/1/record123/images/1656216_23.png','record123',1,NULL),(372,'1656216_23.png','/home/lmj/xyx/pas/1/record123/images/1656216_23.png','record123',1,NULL),(373,'1656216_20.png','/home/lmj/xyx/pas/29/29_MRI_20250324/images/1656216_20.png','29_MRI_20250324',29,NULL),(374,'1656216_21.png','/home/lmj/xyx/pas/29/29_MRI_20250324/images/1656216_21.png','29_MRI_20250324',29,NULL),(375,'1656216_22.png','/home/lmj/xyx/pas/29/29_MRI_20250324/images/1656216_22.png','29_MRI_20250324',29,NULL),(376,'1656216_21.png','/home/lmj/xyx/pas/1/record123/images/1656216_21.png','record123',1,NULL),(377,'1656216_21.png','/home/lmj/xyx/pas/1/record123/images/1656216_21.png','record123',1,NULL),(378,'1656216_21.png','/home/lmj/xyx/pas/1/record123/images/1656216_21.png','record123',1,NULL),(379,'1715362_28.png','/home/lmj/xyx/pas/1/record123/images/1715362_28.png','record123',1,NULL),(380,'1715362_28.png','/home/lmj/xyx/pas/1/record123/images/1715362_28.png','record123',1,NULL),(381,'1656216_20.png','/home/lmj/xyx/pas/29/29_MRI_20250324/images/1656216_20.png','29_MRI_20250324',29,NULL),(382,'1656216_21.png','/home/lmj/xyx/pas/29/29_MRI_20250324/images/1656216_21.png','29_MRI_20250324',29,NULL),(383,'1656216_22.png','/home/lmj/xyx/pas/29/29_MRI_20250324/images/1656216_22.png','29_MRI_20250324',29,NULL),(384,'1656216_24.png','/home/lmj/xyx/pas/29/29_CT_20250324/images/1656216_24.png','29_CT_20250324',29,NULL),(385,'1656216_23.png','/home/lmj/xyx/pas/29/29_CT_20250324/images/1656216_23.png','29_CT_20250324',29,NULL),(386,'1715362_22.png','/home/lmj/xyx/pas/29/29_CT_20250324/images/1715362_22.png','29_CT_20250324',29,NULL),(387,'1656216_20.png','/home/lmj/xyx/pas/1/record123/images/1656216_20.png','record123',1,NULL),(388,'1740895_19_18.png','/home/lmj/xyx/pas/1/record123/images/1740895_19_18.png','record123',1,NULL),(389,'1740895_19_18.png','/home/lmj/xyx/pas/1/record123/images/1740895_19_18.png','record123',1,NULL),(390,'1740895_19_18.png','/home/lmj/xyx/pas/1/record123/images/1740895_19_18.png','record123',1,NULL),(391,'1740895_19_18.png','/home/lmj/xyx/pas/1/record123/images/1740895_19_18.png','record123',1,NULL),(392,'1833645_22.png','/home/lmj/xyx/pas/1/record123/images/1833645_22.png','record123',1,NULL),(393,'1822744_22.png','/home/lmj/xyx/pas/1/record123/images/1822744_22.png','record123',1,NULL),(394,'1656216_22.png','/home/lmj/xyx/pas/29/29_MRI_20250325/images/1656216_22.png','29_MRI_20250325',29,NULL),(395,'1656216_21.png','/home/lmj/xyx/pas/29/29_MRI_20250325/images/1656216_21.png','29_MRI_20250325',29,NULL),(396,'1656216_23.png','/home/lmj/xyx/pas/29/29_MRI_20250325/images/1656216_23.png','29_MRI_20250325',29,NULL),(397,'1656216_20.png','/home/lmj/xyx/pas/29/29_MRI_20250325/images/1656216_20.png','29_MRI_20250325',29,NULL),(398,'1656216_21.png','/home/lmj/xyx/pas/29/29_MRI_20250325/images/1656216_21.png','29_MRI_20250325',29,NULL),(399,'1656216_20.png','/home/lmj/xyx/pas/29/29_MRI_20250325/images/1656216_20.png','29_MRI_20250325',29,NULL),(400,'1656216_24.png','/home/lmj/xyx/pas/29/29_MRI_20250325/images/1656216_24.png','29_MRI_20250325',29,NULL),(401,'1715362_22.png','/home/lmj/xyx/pas/29/29_MRI_20250325/images/1715362_22.png','29_MRI_20250325',29,NULL),(402,'1656216_22.png','/home/lmj/xyx/pas/29/29_MRI_20250325/images/1656216_22.png','29_MRI_20250325',29,NULL),(403,'1715362_29.png','/home/lmj/xyx/pas/29/29_MRI_20250325/images/1715362_29.png','29_MRI_20250325',29,NULL),(404,'1715362_28.png','/home/lmj/xyx/pas/29/29_MRI_20250325/images/1715362_28.png','29_MRI_20250325',29,NULL),(405,'1740895_17_16.png','/home/lmj/xyx/pas/29/29_MRI_20250325/images/1740895_17_16.png','29_MRI_20250325',29,NULL),(406,'1740895_18_17.png','/home/lmj/xyx/pas/29/29_MRI_20250325/images/1740895_18_17.png','29_MRI_20250325',29,NULL),(407,'1740895_20_19.png','/home/lmj/xyx/pas/29/29_MRI_20250325/images/1740895_20_19.png','29_MRI_20250325',29,NULL),(408,'1740895_19_18.png','/home/lmj/xyx/pas/29/29_MRI_20250325/images/1740895_19_18.png','29_MRI_20250325',29,NULL),(409,'1750605_21.png','/home/lmj/xyx/pas/29/29_MRI_20250325/images/1750605_21.png','29_MRI_20250325',29,NULL),(410,'1750605_23.png','/home/lmj/xyx/pas/29/29_MRI_20250325/images/1750605_23.png','29_MRI_20250325',29,NULL),(411,'1750605_22.png','/home/lmj/xyx/pas/29/29_MRI_20250325/images/1750605_22.png','29_MRI_20250325',29,NULL),(412,'MR1201809190148_1.png','/home/lmj/xyx/pas/29/29_MRI_20250325/images/MR1201809190148_1.png','29_MRI_20250325',29,NULL),(413,'MR1201809190148_2.png','/home/lmj/xyx/pas/29/29_MRI_20250325/images/MR1201809190148_2.png','29_MRI_20250325',29,NULL),(414,'MR1201809190148_0.png','/home/lmj/xyx/pas/29/29_MRI_20250325/images/MR1201809190148_0.png','29_MRI_20250325',29,NULL),(415,'MR1201809190148_3.png','/home/lmj/xyx/pas/29/29_MRI_20250325/images/MR1201809190148_3.png','29_MRI_20250325',29,NULL),(416,'MR1201809190148_5.png','/home/lmj/xyx/pas/29/29_MRI_20250325/images/MR1201809190148_5.png','29_MRI_20250325',29,NULL),(417,'MR1201809190148_4.png','/home/lmj/xyx/pas/29/29_MRI_20250325/images/MR1201809190148_4.png','29_MRI_20250325',29,NULL),(418,'MR1201809190148_0.png','/home/lmj/xyx/pas/1/record123/images/MR1201809190148_0.png','record123',1,NULL),(419,'MR1201809190148_3.png','/home/lmj/xyx/pas/1/record123/images/MR1201809190148_3.png','record123',1,NULL),(420,'1656216_21.png','/home/lmj/xyx/pas/1/record123/images/1656216_21.png','record123',1,NULL),(421,'1656216_24.png','/home/lmj/xyx/pas/1/record123/images/1656216_24.png','record123',1,NULL),(422,'1656216_24.png','/home/lmj/xyx/pas/1/record123/images/1656216_24.png','record123',1,NULL),(423,'1656216_22.png','/home/lmj/xyx/pas/1/record123/images/1656216_22.png','record123',1,NULL),(424,'1656216_20.png','/home/lmj/xyx/pas/1/record123/images/1656216_20.png','record123',1,NULL),(425,'1656216_20.png','/home/lmj/xyx/pas/1/record123/images/1656216_20.png','record123',1,NULL),(426,'1656216_20.png','/home/lmj/xyx/pas/1/record123/images/1656216_20.png','record123',1,NULL),(427,'1656216_20.png','/home/lmj/xyx/pas/1/record123/images/1656216_20.png','record123',1,NULL),(428,'1656216_20.png','/home/lmj/xyx/pas/1/record123/images/1656216_20.png','record123',1,NULL),(429,'1656216_20.png','/home/lmj/xyx/pas/1/record123/images/1656216_20.png','record123',1,NULL),(430,'1656216_20.png','/home/lmj/xyx/pas/1/record123/images/1656216_20.png','record123',1,NULL),(431,'1656216_22.png','/home/lmj/xyx/pas/1/record123/images/1656216_22.png','record123',1,NULL),(432,'1656216_22.png','/home/lmj/xyx/pas/1/record123/images/1656216_22.png','record123',1,NULL),(433,'375.jpeg','/home/lmj/xyx/pas/1/record123/images/375.jpeg','record123',1,NULL),(434,'375.jpeg','/home/lmj/xyx/pas/1/record123/images/375.jpeg','record123',1,NULL),(435,'381.jpeg','/home/lmj/xyx/pas/1/record123/images/381.jpeg','record123',1,NULL),(436,'381.jpeg','/home/lmj/xyx/pas/1/record123/images/381.jpeg','record123',1,NULL),(437,'1656216_20.png','/home/lmj/xyx/pas/1/record123/images/1656216_20.png','record123',1,NULL),(438,'1656216_21.png','/home/lmj/xyx/pas/1/record123/images/1656216_21.png','record123',1,NULL),(439,'超声.png','/home/lmj/xyx/pas/29/29_CT_20250409/images/超声.png','29_CT_20250409',29,NULL),(440,'1656216_21.png','/home/lmj/xyx/pas/1/record123/images/1656216_21.png','record123',1,NULL),(441,'1656216_21.png','/home/lmj/xyx/pas/1/record123/images/1656216_21.png','record123',1,NULL);
/*!40000 ALTER TABLE `image` ENABLE KEYS */;

--
-- Table structure for table `imaging_record`
--

DROP TABLE IF EXISTS `imaging_record`;
/*!40101 SET @saved_cs_client     = @@character_set_client */;
/*!50503 SET character_set_client = utf8mb4 */;
CREATE TABLE `imaging_record` (
  `record_id` varchar(255) NOT NULL,
  `image_count` int DEFAULT NULL,
  `label_count` int DEFAULT NULL,
  `result_description` tinytext,
  `test_date` datetime(6) NOT NULL,
  `test_type` enum('CT','MRI') NOT NULL,
  `patient_id` bigint NOT NULL,
  PRIMARY KEY (`record_id`),
  KEY `FKfikfhux4xweksylghny2lpn2x` (`patient_id`),
  CONSTRAINT `FKfikfhux4xweksylghny2lpn2x` FOREIGN KEY (`patient_id`) REFERENCES `patient` (`patient_id`)
) ENGINE=InnoDB DEFAULT CHARSET=utf8mb4 COLLATE=utf8mb4_0900_ai_ci;
/*!40101 SET character_set_client = @saved_cs_client */;

--
-- Dumping data for table `imaging_record`
--

/*!40000 ALTER TABLE `imaging_record` DISABLE KEYS */;
INSERT INTO `imaging_record` VALUES ('22_CT_20240911',0,0,NULL,'2024-09-10 18:37:52.492000','CT',22),('22_MRI_20240911',0,0,NULL,'2024-09-10 18:59:06.788000','MRI',22),('23_CT_20240911',0,0,NULL,'2024-09-10 19:37:36.631000','CT',23),('23_MRI_20240911',0,0,NULL,'2024-09-10 19:37:39.922000','MRI',23),('29_CT_20250324',0,0,NULL,'2025-03-24 01:18:22.949000','CT',29),('29_CT_20250409',0,0,NULL,'2025-04-09 05:31:37.948000','CT',29),('29_MRI_20250321',0,0,NULL,'2025-03-21 01:38:29.842000','MRI',29),('29_MRI_20250324',0,0,NULL,'2025-03-24 01:11:44.959000','MRI',29),('29_MRI_20250325',0,0,NULL,'2025-03-25 00:38:45.807000','MRI',29),('record123',0,0,'string','2024-07-19 00:49:56.243000','CT',1),('record124',10,5,'string','2024-09-04 19:39:56.882000','CT',1),('record125',0,0,NULL,'2025-03-12 01:23:59.943000','MRI',27);
/*!40000 ALTER TABLE `imaging_record` ENABLE KEYS */;

--
-- Table structure for table `log_entries`
--

DROP TABLE IF EXISTS `log_entries`;
/*!40101 SET @saved_cs_client     = @@character_set_client */;
/*!50503 SET character_set_client = utf8mb4 */;
CREATE TABLE `log_entries` (
  `id` bigint NOT NULL AUTO_INCREMENT,
  `action` varchar(255) DEFAULT NULL,
  `class_name` varchar(255) DEFAULT NULL,
  `details` text,
  `error_stack` varchar(255) DEFAULT NULL,
  `ip_address` varchar(255) DEFAULT NULL,
  `level` enum('DEBUG','ERROR','INFO','WARN') DEFAULT NULL,
  `method_name` varchar(255) DEFAULT NULL,
  `request_method` varchar(255) DEFAULT NULL,
  `request_params` text,
  `request_path` varchar(255) DEFAULT NULL,
  `response_status` varchar(255) DEFAULT NULL,
  `service_name` varchar(255) DEFAULT NULL,
  `timestamp` datetime(6) DEFAULT NULL,
  `user_id` varchar(255) DEFAULT NULL,
  PRIMARY KEY (`id`)
) ENGINE=InnoDB AUTO_INCREMENT=369 DEFAULT CHARSET=utf8mb4 COLLATE=utf8mb4_0900_ai_ci;
/*!40101 SET character_set_client = @saved_cs_client */;

--
-- Dumping data for table `log_entries`
--

/*!40000 ALTER TABLE `log_entries` DISABLE KEYS */;
INSERT INTO `log_entries` VALUES (16,NULL,'com.thd2020.pasmain.controller.UserController','Status: failure, Message: No such user, Data: null',NULL,'127.0.0.1','INFO','getUserIdsByUsername','GET','Query: username=lzy; Body: Bearer eyJhbGciOiJIUzI1NiJ9.eyJ1c2VySWQiOjIsInN1YiI6InRoZDIwMjAiLCJpYXQiOjE3NDIzNzYwNzIsImV4cCI6MTc0MjQxMjA3Mn0.3yTdLWQDjvkghBYppQ_Q77KFBZk_oirEOQ43ab0Ef6Y, lzy','/api/v1/users/find-by-username','failure','pas-main','2025-03-19 09:37:27.576758','2'),(17,NULL,'com.thd2020.pasmain.controller.ResourceController','null',NULL,'127.0.0.1','INFO','getResourceById','GET','Body: 5','/api/v1/resources/5','200 OK','pas-main','2025-03-19 09:38:14.097673','2'),(18,NULL,'com.thd2020.pasmain.controller.ImagingController',NULL,NULL,'127.0.0.1','INFO','updateImage','GET','Body: 123, Bearer eyJhbGciOiJIUzI1NiJ9.eyJ1c2VySWQiOjIsInN1YiI6InRoZDIwMjAiLCJpYXQiOjE3NDIzNzYwNzIsImV4cCI6MTc0MjQxMjA3Mn0.3yTdLWQDjvkghBYppQ_Q77KFBZk_oirEOQ43ab0Ef6Y','/api/v1/imaging/images/info/123','success','pas-main','2025-03-19 09:41:11.929858','2'),(19,NULL,'com.thd2020.pasmain.controller.UserController','Status: success, Message: Login successful, Data: com.thd2020.pasmain.dto.JwtResponse@5c62d9c',NULL,'127.0.0.1','INFO','loginUser','POST','Body: com.thd2020.pasmain.dto.AuthenticationRequest@1ce7f588','/api/v1/users/login','success','pas-main','2025-03-19 10:13:40.965573','anonymous'),(20,NULL,'com.thd2020.pasmain.controller.UserController','Status: success, Message: Login successful, Data: com.thd2020.pasmain.dto.JwtResponse@a2e6432',NULL,'127.0.0.1','INFO','loginUser','POST','Body: com.thd2020.pasmain.dto.AuthenticationRequest@497af98e','/api/v1/users/login','success','pas-main','2025-03-20 08:48:18.675026','anonymous'),(21,NULL,'com.thd2020.pasmain.controller.UserController','Status: success, Message: Login successful, Data: com.thd2020.pasmain.dto.JwtResponse@7f9dfb87',NULL,'127.0.0.1','INFO','loginUser','POST','Body: com.thd2020.pasmain.dto.AuthenticationRequest@52ebe016','/api/v1/users/login','success','pas-main','2025-03-20 08:59:37.404809','anonymous'),(22,NULL,'com.thd2020.pasmain.controller.UserController','Status: success, Message: Login successful, Data: com.thd2020.pasmain.dto.JwtResponse@6ec8216b',NULL,'127.0.0.1','INFO','loginUser','POST','Body: com.thd2020.pasmain.dto.AuthenticationRequest@4c442a4a','/api/v1/users/login','success','pas-main','2025-03-20 09:04:21.249432','anonymous'),(23,NULL,'com.thd2020.pasmain.controller.UserController','Status: success, Message: Login successful, Data: com.thd2020.pasmain.dto.JwtResponse@5a0371ed',NULL,'127.0.0.1','INFO','loginUser','POST','Body: com.thd2020.pasmain.dto.AuthenticationRequest@65b2f0ec','/api/v1/users/login','success','pas-main','2025-03-20 09:04:26.626757','anonymous'),(24,NULL,'com.thd2020.pasmain.controller.UserController','Status: success, Message: Login successful, Data: com.thd2020.pasmain.dto.JwtResponse@24742807',NULL,'127.0.0.1','INFO','loginWithPassId','POST','Query: passId=330327222222222224&password=123; Body: 330327222222222224, 123','/api/v1/users/login/passid','success','pas-main','2025-03-20 09:05:14.112658','2'),(25,NULL,'com.thd2020.pasmain.controller.UserController','Status: success, Message: Login successful, Data: com.thd2020.pasmain.dto.JwtResponse@41000206',NULL,'127.0.0.1','INFO','loginUser','POST','Body: com.thd2020.pasmain.dto.AuthenticationRequest@7bcd01d2','/api/v1/users/login','success','pas-main','2025-03-20 09:07:28.067151','2'),(26,NULL,'com.thd2020.pasmain.controller.UserController','Status: success, Message: Login successful, Data: com.thd2020.pasmain.dto.JwtResponse@56c120d5',NULL,'127.0.0.1','INFO','loginWithPassId','POST','Query: passId=330327222222222224&password=123; Body: 330327222222222224, 123','/api/v1/users/login/passid','success','pas-main','2025-03-20 09:07:37.713365','2'),(27,NULL,'com.thd2020.pasmain.controller.UserController','Status: failed, Message: Username and Password not match, Data: null',NULL,'127.0.0.1','INFO','loginUser','POST','Body: com.thd2020.pasmain.dto.AuthenticationRequest@7c42c471','/api/v1/users/login','failed','pas-main','2025-03-20 09:09:05.875735','anonymous'),(28,NULL,'com.thd2020.pasmain.controller.UserController','Status: success, Message: Login successful, Data: com.thd2020.pasmain.dto.JwtResponse@58948085',NULL,'127.0.0.1','INFO','loginWithPassId','POST','Query: passId=330327222222222224&password=123; Body: 330327222222222224, 123','/api/v1/users/login/passid','success','pas-main','2025-03-20 09:10:36.162374','anonymous'),(29,NULL,'com.thd2020.pasmain.controller.UserController','Status: failed, Message: Username and Password not match, Data: null',NULL,'127.0.0.1','INFO','loginUser','POST','Body: com.thd2020.pasmain.dto.AuthenticationRequest@61bbfb2d','/api/v1/users/login','failed','pas-main','2025-03-20 09:12:00.062590','anonymous'),(30,NULL,'com.thd2020.pasmain.controller.UserController','Status: success, Message: Login successful, Data: com.thd2020.pasmain.dto.JwtResponse@6cbd4caa',NULL,'127.0.0.1','INFO','loginUser','POST','Body: com.thd2020.pasmain.dto.AuthenticationRequest@250ea338','/api/v1/users/login','success','pas-main','2025-03-20 09:13:09.493757','anonymous'),(31,NULL,'com.thd2020.pasmain.controller.UserController','Status: success, Message: Login successful, Data: com.thd2020.pasmain.dto.JwtResponse@15dfd4bd',NULL,'127.0.0.1','INFO','loginUser','POST','Body: com.thd2020.pasmain.dto.AuthenticationRequest@29c9123c','/api/v1/users/login','success','pas-main','2025-03-20 09:39:42.917109','anonymous'),(32,NULL,'com.thd2020.pasmain.controller.UserController','Status: success, Message: Login successful, Data: com.thd2020.pasmain.dto.JwtResponse@715e73f1',NULL,'127.0.0.1','INFO','loginUser','POST','Body: com.thd2020.pasmain.dto.AuthenticationRequest@6c5c36d1','/api/v1/users/login','success','pas-main','2025-03-20 09:40:06.693129','anonymous'),(33,NULL,'com.thd2020.pasmain.controller.ImagingController','\"Cannot find image locally\"',NULL,'127.0.0.1','INFO','getImage','GET','Body: 1, Bearer eyJhbGciOiJIUzI1NiJ9.eyJ1c2VySWQiOjIsInN1YiI6InRoZDIwMjAiLCJpYXQiOjE3NDI0NjM2MDYsImV4cCI6MTc0MjQ5OTYwNn0.95dBAlBZCkxvwL3xuAX7KDMorLeEs4fkj09fEGqMIB8','/api/v1/imaging/images/1','404 NOT_FOUND','pas-main','2025-03-20 09:40:08.706036','2'),(34,NULL,'com.thd2020.pasmain.controller.UserController','Status: success, Message: Login successful, Data: com.thd2020.pasmain.dto.JwtResponse@9613675',NULL,'127.0.0.1','INFO','loginUser','POST','Body: com.thd2020.pasmain.dto.AuthenticationRequest@7419e4e2','/api/v1/users/login','success','pas-main','2025-03-20 11:47:52.143729','anonymous'),(35,NULL,'com.thd2020.pasmain.controller.UserController','Status: success, Message: Login successful, Data: com.thd2020.pasmain.dto.JwtResponse@2f03b78',NULL,'127.0.0.1','INFO','loginUser','POST','Body: com.thd2020.pasmain.dto.AuthenticationRequest@76cb18c1','/api/v1/users/login','success','pas-main','2025-03-20 11:48:09.044404','anonymous'),(36,NULL,'com.thd2020.pasmain.controller.ImagingController','\"Cannot find image locally\"',NULL,'127.0.0.1','INFO','getImage','GET','Body: 1, Bearer eyJhbGciOiJIUzI1NiJ9.eyJ1c2VySWQiOjIsInN1YiI6InRoZDIwMjAiLCJpYXQiOjE3NDI0NzEyODksImV4cCI6MTc0MjUwNzI4OX0.Z4j5u2tAMPzr_P2AZ3_dTQviYwNin3Na7fEySxNa7wM','/api/v1/imaging/images/1','404 NOT_FOUND','pas-main','2025-03-20 11:48:11.435155','2'),(37,NULL,'com.thd2020.pasmain.controller.ImagingController','\"Cannot find image locally\"',NULL,'127.0.0.1','INFO','getImage','GET','Body: 1, Bearer eyJhbGciOiJIUzI1NiJ9.eyJ1c2VySWQiOjIsInN1YiI6InRoZDIwMjAiLCJpYXQiOjE3NDI0NzEyODksImV4cCI6MTc0MjUwNzI4OX0.Z4j5u2tAMPzr_P2AZ3_dTQviYwNin3Na7fEySxNa7wM','/api/v1/imaging/images/1','404 NOT_FOUND','pas-main','2025-03-20 11:55:35.805847','2'),(38,NULL,'com.thd2020.pasmain.controller.UserController','Status: success, Message: Login successful, Data: com.thd2020.pasmain.dto.JwtResponse@34b86ae9',NULL,'127.0.0.1','INFO','loginUser','POST','Body: com.thd2020.pasmain.dto.AuthenticationRequest@30d119c3','/api/v1/users/login','success','pas-main','2025-03-20 12:44:12.541591','anonymous'),(39,NULL,'com.thd2020.pasmain.controller.ImagingController','\"Cannot find image locally\"',NULL,'127.0.0.1','INFO','getImage','GET','Body: 1, Bearer eyJhbGciOiJIUzI1NiJ9.eyJ1c2VySWQiOjIsInN1YiI6InRoZDIwMjAiLCJpYXQiOjE3NDI0NzEyODksImV4cCI6MTc0MjUwNzI4OX0.Z4j5u2tAMPzr_P2AZ3_dTQviYwNin3Na7fEySxNa7wM','/api/v1/imaging/images/1','404 NOT_FOUND','pas-main','2025-03-20 12:45:31.751088','2'),(40,NULL,'com.thd2020.pasmain.controller.ImagingController','\"Cannot find image locally\"',NULL,'127.0.0.1','INFO','getImage','GET','Body: 1, Bearer eyJhbGciOiJIUzI1NiJ9.eyJ1c2VySWQiOjIsInN1YiI6InRoZDIwMjAiLCJpYXQiOjE3NDI0NzEyODksImV4cCI6MTc0MjUwNzI4OX0.Z4j5u2tAMPzr_P2AZ3_dTQviYwNin3Na7fEySxNa7wM','/api/v1/imaging/images/1','404 NOT_FOUND','pas-main','2025-03-20 12:46:30.142257','2'),(41,NULL,'com.thd2020.pasmain.controller.ImagingController','\"Cannot find image locally\"',NULL,'127.0.0.1','INFO','getImage','GET','Body: 1, Bearer eyJhbGciOiJIUzI1NiJ9.eyJ1c2VySWQiOjIsInN1YiI6InRoZDIwMjAiLCJpYXQiOjE3NDI0NzEyODksImV4cCI6MTc0MjUwNzI4OX0.Z4j5u2tAMPzr_P2AZ3_dTQviYwNin3Na7fEySxNa7wM','/api/v1/imaging/images/1','404 NOT_FOUND','pas-main','2025-03-20 12:50:20.241482','2'),(42,NULL,'com.thd2020.pasmain.controller.ImagingController','file [/home/lmj/xyx/pas/1/record123/masks/1656216_20_placenta_mask.jpg]',NULL,'127.0.0.1','INFO','getMask','GET','Body: 146, Bearer eyJhbGciOiJIUzI1NiJ9.eyJ1c2VySWQiOjIsInN1YiI6InRoZDIwMjAiLCJpYXQiOjE3NDI0NzQ2NTIsImV4cCI6MTc0MjUxMDY1Mn0.eYYk2LZSpPe0IxlpFBmtfph_amDOTTmzDKFbSMzH-8k','/api/v1/imaging/masks/146','200 OK','pas-main','2025-03-20 12:55:50.036791','2'),(43,NULL,'com.thd2020.pasmain.controller.ImagingController','file [/home/lmj/xyx/pas/1/record123/masks/1656216_20_bladder_mask.jpg]',NULL,'127.0.0.1','INFO','getMask','GET','Body: 150, Bearer eyJhbGciOiJIUzI1NiJ9.eyJ1c2VySWQiOjIsInN1YiI6InRoZDIwMjAiLCJpYXQiOjE3NDI0NzQ2NTIsImV4cCI6MTc0MjUxMDY1Mn0.eYYk2LZSpPe0IxlpFBmtfph_amDOTTmzDKFbSMzH-8k','/api/v1/imaging/masks/150','200 OK','pas-main','2025-03-20 12:57:28.474314','2'),(44,NULL,'com.thd2020.pasmain.controller.ImagingController','file [/home/lmj/xyx/pas/1/record123/masks/1656216_20_placenta_mask.jpg]',NULL,'127.0.0.1','INFO','getMask','GET','Body: 151, Bearer eyJhbGciOiJIUzI1NiJ9.eyJ1c2VySWQiOjIsInN1YiI6InRoZDIwMjAiLCJpYXQiOjE3NDI0NzQ2NTIsImV4cCI6MTc0MjUxMDY1Mn0.eYYk2LZSpPe0IxlpFBmtfph_amDOTTmzDKFbSMzH-8k','/api/v1/imaging/masks/151','200 OK','pas-main','2025-03-20 12:57:35.836055','2'),(45,NULL,'com.thd2020.pasmain.controller.ImagingController','\"Cannot find image locally\"',NULL,'127.0.0.1','INFO','getImage','GET','Body: 1, Bearer eyJhbGciOiJIUzI1NiJ9.eyJ1c2VySWQiOjIsInN1YiI6InRoZDIwMjAiLCJpYXQiOjE3NDI0NzEyODksImV4cCI6MTc0MjUwNzI4OX0.Z4j5u2tAMPzr_P2AZ3_dTQviYwNin3Na7fEySxNa7wM','/api/v1/imaging/images/1','404 NOT_FOUND','pas-main','2025-03-20 13:12:52.673271','2'),(46,NULL,'com.thd2020.pasmain.controller.ImagingController','\"Cannot find image locally\"',NULL,'127.0.0.1','INFO','getImage','GET','Body: 1, Bearer eyJhbGciOiJIUzI1NiJ9.eyJ1c2VySWQiOjIsInN1YiI6InRoZDIwMjAiLCJpYXQiOjE3NDI0NzEyODksImV4cCI6MTc0MjUwNzI4OX0.Z4j5u2tAMPzr_P2AZ3_dTQviYwNin3Na7fEySxNa7wM','/api/v1/imaging/images/1','404 NOT_FOUND','pas-main','2025-03-20 13:13:55.540380','2'),(47,NULL,'com.thd2020.pasmain.controller.ImagingController','\"Cannot find image locally\"',NULL,'127.0.0.1','INFO','getImage','GET','Body: 1, Bearer eyJhbGciOiJIUzI1NiJ9.eyJ1c2VySWQiOjIsInN1YiI6InRoZDIwMjAiLCJpYXQiOjE3NDI0NzEyODksImV4cCI6MTc0MjUwNzI4OX0.Z4j5u2tAMPzr_P2AZ3_dTQviYwNin3Na7fEySxNa7wM','/api/v1/imaging/images/1','404 NOT_FOUND','pas-main','2025-03-20 13:15:36.578597','2'),(48,NULL,'com.thd2020.pasmain.controller.ImagingController','\"Cannot find image locally\"',NULL,'127.0.0.1','INFO','getImage','GET','Body: 1, Bearer eyJhbGciOiJIUzI1NiJ9.eyJ1c2VySWQiOjIsInN1YiI6InRoZDIwMjAiLCJpYXQiOjE3NDI0NzEyODksImV4cCI6MTc0MjUwNzI4OX0.Z4j5u2tAMPzr_P2AZ3_dTQviYwNin3Na7fEySxNa7wM','/api/v1/imaging/images/1','404 NOT_FOUND','pas-main','2025-03-20 13:29:14.350085','2'),(49,NULL,'com.thd2020.pasmain.controller.ImagingController','\"Cannot find image locally\"',NULL,'127.0.0.1','INFO','getImage','GET','Body: 1, Bearer eyJhbGciOiJIUzI1NiJ9.eyJ1c2VySWQiOjIsInN1YiI6InRoZDIwMjAiLCJpYXQiOjE3NDI0NzEyODksImV4cCI6MTc0MjUwNzI4OX0.Z4j5u2tAMPzr_P2AZ3_dTQviYwNin3Na7fEySxNa7wM','/api/v1/imaging/images/1','404 NOT_FOUND','pas-main','2025-03-20 13:37:39.992642','2'),(50,NULL,'com.thd2020.pasmain.controller.ImagingController','\"Cannot find image locally\"',NULL,'127.0.0.1','INFO','getImage','GET','Body: 1, Bearer eyJhbGciOiJIUzI1NiJ9.eyJ1c2VySWQiOjIsInN1YiI6InRoZDIwMjAiLCJpYXQiOjE3NDI0NzEyODksImV4cCI6MTc0MjUwNzI4OX0.Z4j5u2tAMPzr_P2AZ3_dTQviYwNin3Na7fEySxNa7wM','/api/v1/imaging/images/1','404 NOT_FOUND','pas-main','2025-03-20 13:37:53.885522','2'),(51,NULL,'com.thd2020.pasmain.controller.ImagingController','file [/home/lmj/xyx/pas/1/record123/masks/1656216_23_bladder_mask.jpg]',NULL,'127.0.0.1','INFO','getMask','GET','Body: 169, Bearer eyJhbGciOiJIUzI1NiJ9.eyJ1c2VySWQiOjIsInN1YiI6InRoZDIwMjAiLCJpYXQiOjE3NDI0NzEyODksImV4cCI6MTc0MjUwNzI4OX0.Z4j5u2tAMPzr_P2AZ3_dTQviYwNin3Na7fEySxNa7wM','/api/v1/imaging/masks/169','200 OK','pas-main','2025-03-20 13:38:02.261574','2'),(52,NULL,'com.thd2020.pasmain.controller.ImagingController','file [/home/lmj/xyx/pas/1/record123/masks/1656216_23_placenta_mask.jpg]',NULL,'127.0.0.1','INFO','getMask','GET','Body: 170, Bearer eyJhbGciOiJIUzI1NiJ9.eyJ1c2VySWQiOjIsInN1YiI6InRoZDIwMjAiLCJpYXQiOjE3NDI0NzEyODksImV4cCI6MTc0MjUwNzI4OX0.Z4j5u2tAMPzr_P2AZ3_dTQviYwNin3Na7fEySxNa7wM','/api/v1/imaging/masks/170','200 OK','pas-main','2025-03-20 13:38:02.415005','2'),(53,NULL,'com.thd2020.pasmain.controller.ImagingController','\"Cannot find image locally\"',NULL,'127.0.0.1','INFO','getImage','GET','Body: 1, Bearer eyJhbGciOiJIUzI1NiJ9.eyJ1c2VySWQiOjIsInN1YiI6InRoZDIwMjAiLCJpYXQiOjE3NDI0NzEyODksImV4cCI6MTc0MjUwNzI4OX0.Z4j5u2tAMPzr_P2AZ3_dTQviYwNin3Na7fEySxNa7wM','/api/v1/imaging/images/1','404 NOT_FOUND','pas-main','2025-03-20 13:41:20.559959','2'),(54,NULL,'com.thd2020.pasmain.controller.ImagingController','file [/home/lmj/xyx/pas/1/record123/masks/1656216_22_bladder_mask.jpg]',NULL,'127.0.0.1','INFO','getMask','GET','Body: 171, Bearer eyJhbGciOiJIUzI1NiJ9.eyJ1c2VySWQiOjIsInN1YiI6InRoZDIwMjAiLCJpYXQiOjE3NDI0NzEyODksImV4cCI6MTc0MjUwNzI4OX0.Z4j5u2tAMPzr_P2AZ3_dTQviYwNin3Na7fEySxNa7wM','/api/v1/imaging/masks/171','200 OK','pas-main','2025-03-20 13:41:27.779066','2'),(55,NULL,'com.thd2020.pasmain.controller.ImagingController','file [/home/lmj/xyx/pas/1/record123/masks/1656216_22_placenta_mask.jpg]',NULL,'127.0.0.1','INFO','getMask','GET','Body: 172, Bearer eyJhbGciOiJIUzI1NiJ9.eyJ1c2VySWQiOjIsInN1YiI6InRoZDIwMjAiLCJpYXQiOjE3NDI0NzEyODksImV4cCI6MTc0MjUwNzI4OX0.Z4j5u2tAMPzr_P2AZ3_dTQviYwNin3Na7fEySxNa7wM','/api/v1/imaging/masks/172','200 OK','pas-main','2025-03-20 13:41:27.925733','2'),(56,NULL,'com.thd2020.pasmain.controller.ImagingController','\"Cannot find image locally\"',NULL,'127.0.0.1','INFO','getImage','GET','Body: 1, Bearer eyJhbGciOiJIUzI1NiJ9.eyJ1c2VySWQiOjIsInN1YiI6InRoZDIwMjAiLCJpYXQiOjE3NDI0NzEyODksImV4cCI6MTc0MjUwNzI4OX0.Z4j5u2tAMPzr_P2AZ3_dTQviYwNin3Na7fEySxNa7wM','/api/v1/imaging/images/1','404 NOT_FOUND','pas-main','2025-03-20 13:45:36.198669','2'),(57,NULL,'com.thd2020.pasmain.controller.ImagingController','file [/home/lmj/xyx/pas/1/record123/masks/1656216_22_bladder_mask.jpg]',NULL,'127.0.0.1','INFO','getMask','GET','Body: 173, Bearer eyJhbGciOiJIUzI1NiJ9.eyJ1c2VySWQiOjIsInN1YiI6InRoZDIwMjAiLCJpYXQiOjE3NDI0NzEyODksImV4cCI6MTc0MjUwNzI4OX0.Z4j5u2tAMPzr_P2AZ3_dTQviYwNin3Na7fEySxNa7wM','/api/v1/imaging/masks/173','200 OK','pas-main','2025-03-20 13:45:43.722215','2'),(58,NULL,'com.thd2020.pasmain.controller.ImagingController','file [/home/lmj/xyx/pas/1/record123/masks/1656216_22_placenta_mask.jpg]',NULL,'127.0.0.1','INFO','getMask','GET','Body: 174, Bearer eyJhbGciOiJIUzI1NiJ9.eyJ1c2VySWQiOjIsInN1YiI6InRoZDIwMjAiLCJpYXQiOjE3NDI0NzEyODksImV4cCI6MTc0MjUwNzI4OX0.Z4j5u2tAMPzr_P2AZ3_dTQviYwNin3Na7fEySxNa7wM','/api/v1/imaging/masks/174','200 OK','pas-main','2025-03-20 13:45:43.845445','2'),(59,NULL,'com.thd2020.pasmain.controller.ImagingController','\"Cannot find image locally\"',NULL,'127.0.0.1','INFO','getImage','GET','Body: 1, Bearer eyJhbGciOiJIUzI1NiJ9.eyJ1c2VySWQiOjIsInN1YiI6InRoZDIwMjAiLCJpYXQiOjE3NDI0NzEyODksImV4cCI6MTc0MjUwNzI4OX0.Z4j5u2tAMPzr_P2AZ3_dTQviYwNin3Na7fEySxNa7wM','/api/v1/imaging/images/1','404 NOT_FOUND','pas-main','2025-03-20 13:46:15.325122','2'),(60,NULL,'com.thd2020.pasmain.controller.ImagingController','file [/home/lmj/xyx/pas/1/record123/masks/1656216_24_bladder_mask.jpg]',NULL,'127.0.0.1','INFO','getMask','GET','Body: 175, Bearer eyJhbGciOiJIUzI1NiJ9.eyJ1c2VySWQiOjIsInN1YiI6InRoZDIwMjAiLCJpYXQiOjE3NDI0NzEyODksImV4cCI6MTc0MjUwNzI4OX0.Z4j5u2tAMPzr_P2AZ3_dTQviYwNin3Na7fEySxNa7wM','/api/v1/imaging/masks/175','200 OK','pas-main','2025-03-20 13:46:22.691106','2'),(61,NULL,'com.thd2020.pasmain.controller.ImagingController','file [/home/lmj/xyx/pas/1/record123/masks/1656216_24_placenta_mask.jpg]',NULL,'127.0.0.1','INFO','getMask','GET','Body: 176, Bearer eyJhbGciOiJIUzI1NiJ9.eyJ1c2VySWQiOjIsInN1YiI6InRoZDIwMjAiLCJpYXQiOjE3NDI0NzEyODksImV4cCI6MTc0MjUwNzI4OX0.Z4j5u2tAMPzr_P2AZ3_dTQviYwNin3Na7fEySxNa7wM','/api/v1/imaging/masks/176','200 OK','pas-main','2025-03-20 13:46:22.693601','2'),(62,NULL,'com.thd2020.pasmain.controller.ImagingController','\"Cannot find image locally\"',NULL,'127.0.0.1','INFO','getImage','GET','Body: 1, Bearer eyJhbGciOiJIUzI1NiJ9.eyJ1c2VySWQiOjIsInN1YiI6InRoZDIwMjAiLCJpYXQiOjE3NDI0NzEyODksImV4cCI6MTc0MjUwNzI4OX0.Z4j5u2tAMPzr_P2AZ3_dTQviYwNin3Na7fEySxNa7wM','/api/v1/imaging/images/1','404 NOT_FOUND','pas-main','2025-03-20 13:47:57.061611','2'),(63,NULL,'com.thd2020.pasmain.controller.ImagingController','file [/home/lmj/xyx/pas/1/record123/masks/1656216_23_bladder_mask.jpg]',NULL,'127.0.0.1','INFO','getMask','GET','Body: 177, Bearer eyJhbGciOiJIUzI1NiJ9.eyJ1c2VySWQiOjIsInN1YiI6InRoZDIwMjAiLCJpYXQiOjE3NDI0NzEyODksImV4cCI6MTc0MjUwNzI4OX0.Z4j5u2tAMPzr_P2AZ3_dTQviYwNin3Na7fEySxNa7wM','/api/v1/imaging/masks/177','200 OK','pas-main','2025-03-20 13:48:04.337131','2'),(64,NULL,'com.thd2020.pasmain.controller.ImagingController','file [/home/lmj/xyx/pas/1/record123/masks/1656216_23_placenta_mask.jpg]',NULL,'127.0.0.1','INFO','getMask','GET','Body: 178, Bearer eyJhbGciOiJIUzI1NiJ9.eyJ1c2VySWQiOjIsInN1YiI6InRoZDIwMjAiLCJpYXQiOjE3NDI0NzEyODksImV4cCI6MTc0MjUwNzI4OX0.Z4j5u2tAMPzr_P2AZ3_dTQviYwNin3Na7fEySxNa7wM','/api/v1/imaging/masks/178','200 OK','pas-main','2025-03-20 13:48:04.436287','2'),(65,NULL,'com.thd2020.pasmain.controller.ImagingController','\"Cannot find image locally\"',NULL,'127.0.0.1','INFO','getImage','GET','Body: 1, Bearer eyJhbGciOiJIUzI1NiJ9.eyJ1c2VySWQiOjIsInN1YiI6InRoZDIwMjAiLCJpYXQiOjE3NDI0NzEyODksImV4cCI6MTc0MjUwNzI4OX0.Z4j5u2tAMPzr_P2AZ3_dTQviYwNin3Na7fEySxNa7wM','/api/v1/imaging/images/1','404 NOT_FOUND','pas-main','2025-03-20 13:48:48.326427','2'),(66,NULL,'com.thd2020.pasmain.controller.ImagingController','file [/home/lmj/xyx/pas/1/record123/masks/1656216_24_placenta_mask.jpg]',NULL,'127.0.0.1','INFO','getMask','GET','Body: 180, Bearer eyJhbGciOiJIUzI1NiJ9.eyJ1c2VySWQiOjIsInN1YiI6InRoZDIwMjAiLCJpYXQiOjE3NDI0NzEyODksImV4cCI6MTc0MjUwNzI4OX0.Z4j5u2tAMPzr_P2AZ3_dTQviYwNin3Na7fEySxNa7wM','/api/v1/imaging/masks/180','200 OK','pas-main','2025-03-20 13:48:54.770598','2'),(67,NULL,'com.thd2020.pasmain.controller.ImagingController','file [/home/lmj/xyx/pas/1/record123/masks/1656216_24_bladder_mask.jpg]',NULL,'127.0.0.1','INFO','getMask','GET','Body: 179, Bearer eyJhbGciOiJIUzI1NiJ9.eyJ1c2VySWQiOjIsInN1YiI6InRoZDIwMjAiLCJpYXQiOjE3NDI0NzEyODksImV4cCI6MTc0MjUwNzI4OX0.Z4j5u2tAMPzr_P2AZ3_dTQviYwNin3Na7fEySxNa7wM','/api/v1/imaging/masks/179','200 OK','pas-main','2025-03-20 13:48:54.770289','2'),(68,NULL,'com.thd2020.pasmain.controller.ImagingController','file [/home/lmj/xyx/pas/1/record123/masks/1656216_24_bladder_mask.jpg]',NULL,'127.0.0.1','INFO','getMask','GET','Body: 181, Bearer eyJhbGciOiJIUzI1NiJ9.eyJ1c2VySWQiOjIsInN1YiI6InRoZDIwMjAiLCJpYXQiOjE3NDI0NzEyODksImV4cCI6MTc0MjUwNzI4OX0.Z4j5u2tAMPzr_P2AZ3_dTQviYwNin3Na7fEySxNa7wM','/api/v1/imaging/masks/181','200 OK','pas-main','2025-03-20 13:49:58.038590','2'),(69,NULL,'com.thd2020.pasmain.controller.ImagingController','file [/home/lmj/xyx/pas/1/record123/masks/1656216_24_placenta_mask.jpg]',NULL,'127.0.0.1','INFO','getMask','GET','Body: 182, Bearer eyJhbGciOiJIUzI1NiJ9.eyJ1c2VySWQiOjIsInN1YiI6InRoZDIwMjAiLCJpYXQiOjE3NDI0NzEyODksImV4cCI6MTc0MjUwNzI4OX0.Z4j5u2tAMPzr_P2AZ3_dTQviYwNin3Na7fEySxNa7wM','/api/v1/imaging/masks/182','200 OK','pas-main','2025-03-20 13:49:58.346068','2'),(70,NULL,'com.thd2020.pasmain.controller.ImagingController','file [/home/lmj/xyx/pas/1/record123/masks/1656216_24_placenta_mask.jpg]',NULL,'127.0.0.1','INFO','getMask','GET','Body: 184, Bearer eyJhbGciOiJIUzI1NiJ9.eyJ1c2VySWQiOjIsInN1YiI6InRoZDIwMjAiLCJpYXQiOjE3NDI0NzEyODksImV4cCI6MTc0MjUwNzI4OX0.Z4j5u2tAMPzr_P2AZ3_dTQviYwNin3Na7fEySxNa7wM','/api/v1/imaging/masks/184','200 OK','pas-main','2025-03-20 13:50:18.618801','2'),(71,NULL,'com.thd2020.pasmain.controller.ImagingController','file [/home/lmj/xyx/pas/1/record123/masks/1656216_24_bladder_mask.jpg]',NULL,'127.0.0.1','INFO','getMask','GET','Body: 183, Bearer eyJhbGciOiJIUzI1NiJ9.eyJ1c2VySWQiOjIsInN1YiI6InRoZDIwMjAiLCJpYXQiOjE3NDI0NzEyODksImV4cCI6MTc0MjUwNzI4OX0.Z4j5u2tAMPzr_P2AZ3_dTQviYwNin3Na7fEySxNa7wM','/api/v1/imaging/masks/183','200 OK','pas-main','2025-03-20 13:50:18.618801','2'),(72,NULL,'com.thd2020.pasmain.controller.ImagingController','\"Cannot find image locally\"',NULL,'127.0.0.1','INFO','getImage','GET','Body: 1, Bearer eyJhbGciOiJIUzI1NiJ9.eyJ1c2VySWQiOjIsInN1YiI6InRoZDIwMjAiLCJpYXQiOjE3NDI0NzEyODksImV4cCI6MTc0MjUwNzI4OX0.Z4j5u2tAMPzr_P2AZ3_dTQviYwNin3Na7fEySxNa7wM','/api/v1/imaging/images/1','404 NOT_FOUND','pas-main','2025-03-20 13:52:58.080451','2'),(73,NULL,'com.thd2020.pasmain.controller.ImagingController','file [/home/lmj/xyx/pas/1/record123/masks/1656216_22_bladder_mask.jpg]',NULL,'127.0.0.1','INFO','getMask','GET','Body: 185, Bearer eyJhbGciOiJIUzI1NiJ9.eyJ1c2VySWQiOjIsInN1YiI6InRoZDIwMjAiLCJpYXQiOjE3NDI0NzEyODksImV4cCI6MTc0MjUwNzI4OX0.Z4j5u2tAMPzr_P2AZ3_dTQviYwNin3Na7fEySxNa7wM','/api/v1/imaging/masks/185','200 OK','pas-main','2025-03-20 13:53:22.283916','2'),(74,NULL,'com.thd2020.pasmain.controller.ImagingController','file [/home/lmj/xyx/pas/1/record123/masks/1656216_22_placenta_mask.jpg]',NULL,'127.0.0.1','INFO','getMask','GET','Body: 186, Bearer eyJhbGciOiJIUzI1NiJ9.eyJ1c2VySWQiOjIsInN1YiI6InRoZDIwMjAiLCJpYXQiOjE3NDI0NzEyODksImV4cCI6MTc0MjUwNzI4OX0.Z4j5u2tAMPzr_P2AZ3_dTQviYwNin3Na7fEySxNa7wM','/api/v1/imaging/masks/186','200 OK','pas-main','2025-03-20 13:53:22.322054','2'),(75,NULL,'com.thd2020.pasmain.controller.ImagingController','\"Cannot find image locally\"',NULL,'127.0.0.1','INFO','getImage','GET','Body: 1, Bearer eyJhbGciOiJIUzI1NiJ9.eyJ1c2VySWQiOjIsInN1YiI6InRoZDIwMjAiLCJpYXQiOjE3NDI0NzEyODksImV4cCI6MTc0MjUwNzI4OX0.Z4j5u2tAMPzr_P2AZ3_dTQviYwNin3Na7fEySxNa7wM','/api/v1/imaging/images/1','404 NOT_FOUND','pas-main','2025-03-20 15:02:59.282184','2'),(76,NULL,'com.thd2020.pasmain.controller.ImagingController','\"Cannot find image locally\"',NULL,'127.0.0.1','INFO','getImage','GET','Body: 1, Bearer eyJhbGciOiJIUzI1NiJ9.eyJ1c2VySWQiOjIsInN1YiI6InRoZDIwMjAiLCJpYXQiOjE3NDI0NzEyODksImV4cCI6MTc0MjUwNzI4OX0.Z4j5u2tAMPzr_P2AZ3_dTQviYwNin3Na7fEySxNa7wM','/api/v1/imaging/images/1','404 NOT_FOUND','pas-main','2025-03-20 15:03:54.029937','2'),(77,NULL,'com.thd2020.pasmain.controller.ImagingController','file [/home/lmj/xyx/pas/1/record123/masks/1656216_22_bladder_mask.jpg]',NULL,'127.0.0.1','INFO','getMask','GET','Body: 187, Bearer eyJhbGciOiJIUzI1NiJ9.eyJ1c2VySWQiOjIsInN1YiI6InRoZDIwMjAiLCJpYXQiOjE3NDI0NzEyODksImV4cCI6MTc0MjUwNzI4OX0.Z4j5u2tAMPzr_P2AZ3_dTQviYwNin3Na7fEySxNa7wM','/api/v1/imaging/masks/187','200 OK','pas-main','2025-03-20 15:04:02.217956','2'),(78,NULL,'com.thd2020.pasmain.controller.ImagingController','file [/home/lmj/xyx/pas/1/record123/masks/1656216_22_placenta_mask.jpg]',NULL,'127.0.0.1','INFO','getMask','GET','Body: 188, Bearer eyJhbGciOiJIUzI1NiJ9.eyJ1c2VySWQiOjIsInN1YiI6InRoZDIwMjAiLCJpYXQiOjE3NDI0NzEyODksImV4cCI6MTc0MjUwNzI4OX0.Z4j5u2tAMPzr_P2AZ3_dTQviYwNin3Na7fEySxNa7wM','/api/v1/imaging/masks/188','200 OK','pas-main','2025-03-20 15:04:02.315942','2'),(79,NULL,'com.thd2020.pasmain.controller.ImagingController','\"Cannot find image locally\"',NULL,'127.0.0.1','INFO','getImage','GET','Body: 1, Bearer eyJhbGciOiJIUzI1NiJ9.eyJ1c2VySWQiOjIsInN1YiI6InRoZDIwMjAiLCJpYXQiOjE3NDI0NzEyODksImV4cCI6MTc0MjUwNzI4OX0.Z4j5u2tAMPzr_P2AZ3_dTQviYwNin3Na7fEySxNa7wM','/api/v1/imaging/images/1','404 NOT_FOUND','pas-main','2025-03-20 15:06:31.941343','2'),(80,NULL,'com.thd2020.pasmain.controller.ImagingController','file [/home/lmj/xyx/pas/1/record123/masks/1656216_21_bladder_mask.jpg]',NULL,'127.0.0.1','INFO','getMask','GET','Body: 189, Bearer eyJhbGciOiJIUzI1NiJ9.eyJ1c2VySWQiOjIsInN1YiI6InRoZDIwMjAiLCJpYXQiOjE3NDI0NzEyODksImV4cCI6MTc0MjUwNzI4OX0.Z4j5u2tAMPzr_P2AZ3_dTQviYwNin3Na7fEySxNa7wM','/api/v1/imaging/masks/189','200 OK','pas-main','2025-03-20 15:06:37.855193','2'),(81,NULL,'com.thd2020.pasmain.controller.ImagingController','file [/home/lmj/xyx/pas/1/record123/masks/1656216_21_placenta_mask.jpg]',NULL,'127.0.0.1','INFO','getMask','GET','Body: 190, Bearer eyJhbGciOiJIUzI1NiJ9.eyJ1c2VySWQiOjIsInN1YiI6InRoZDIwMjAiLCJpYXQiOjE3NDI0NzEyODksImV4cCI6MTc0MjUwNzI4OX0.Z4j5u2tAMPzr_P2AZ3_dTQviYwNin3Na7fEySxNa7wM','/api/v1/imaging/masks/190','200 OK','pas-main','2025-03-20 15:06:37.906501','2'),(82,NULL,'com.thd2020.pasmain.controller.ImagingController','\"Cannot find image locally\"',NULL,'127.0.0.1','INFO','getImage','GET','Body: 1, Bearer eyJhbGciOiJIUzI1NiJ9.eyJ1c2VySWQiOjIsInN1YiI6InRoZDIwMjAiLCJpYXQiOjE3NDI0NzEyODksImV4cCI6MTc0MjUwNzI4OX0.Z4j5u2tAMPzr_P2AZ3_dTQviYwNin3Na7fEySxNa7wM','/api/v1/imaging/images/1','404 NOT_FOUND','pas-main','2025-03-20 15:10:52.850023','2'),(83,NULL,'com.thd2020.pasmain.controller.ImagingController','file [/home/lmj/xyx/pas/1/record123/masks/1656216_24_bladder_mask.jpg]',NULL,'127.0.0.1','INFO','getMask','GET','Body: 191, Bearer eyJhbGciOiJIUzI1NiJ9.eyJ1c2VySWQiOjIsInN1YiI6InRoZDIwMjAiLCJpYXQiOjE3NDI0NzEyODksImV4cCI6MTc0MjUwNzI4OX0.Z4j5u2tAMPzr_P2AZ3_dTQviYwNin3Na7fEySxNa7wM','/api/v1/imaging/masks/191','200 OK','pas-main','2025-03-20 15:11:00.389684','2'),(84,NULL,'com.thd2020.pasmain.controller.ImagingController','file [/home/lmj/xyx/pas/1/record123/masks/1656216_24_placenta_mask.jpg]',NULL,'127.0.0.1','INFO','getMask','GET','Body: 192, Bearer eyJhbGciOiJIUzI1NiJ9.eyJ1c2VySWQiOjIsInN1YiI6InRoZDIwMjAiLCJpYXQiOjE3NDI0NzEyODksImV4cCI6MTc0MjUwNzI4OX0.Z4j5u2tAMPzr_P2AZ3_dTQviYwNin3Na7fEySxNa7wM','/api/v1/imaging/masks/192','200 OK','pas-main','2025-03-20 15:11:00.481871','2'),(85,NULL,'com.thd2020.pasmain.controller.ImagingController','\"Cannot find image locally\"',NULL,'127.0.0.1','INFO','getImage','GET','Body: 1, Bearer eyJhbGciOiJIUzI1NiJ9.eyJ1c2VySWQiOjIsInN1YiI6InRoZDIwMjAiLCJpYXQiOjE3NDI0NzEyODksImV4cCI6MTc0MjUwNzI4OX0.Z4j5u2tAMPzr_P2AZ3_dTQviYwNin3Na7fEySxNa7wM','/api/v1/imaging/images/1','404 NOT_FOUND','pas-main','2025-03-20 15:11:58.898785','2'),(86,NULL,'com.thd2020.pasmain.controller.ImagingController','file [/home/lmj/xyx/pas/1/record123/masks/1715362_22_bladder_mask.jpg]',NULL,'127.0.0.1','INFO','getMask','GET','Body: 193, Bearer eyJhbGciOiJIUzI1NiJ9.eyJ1c2VySWQiOjIsInN1YiI6InRoZDIwMjAiLCJpYXQiOjE3NDI0NzEyODksImV4cCI6MTc0MjUwNzI4OX0.Z4j5u2tAMPzr_P2AZ3_dTQviYwNin3Na7fEySxNa7wM','/api/v1/imaging/masks/193','200 OK','pas-main','2025-03-20 15:12:05.470565','2'),(87,NULL,'com.thd2020.pasmain.controller.ImagingController','file [/home/lmj/xyx/pas/1/record123/masks/1715362_22_placenta_mask.jpg]',NULL,'127.0.0.1','INFO','getMask','GET','Body: 194, Bearer eyJhbGciOiJIUzI1NiJ9.eyJ1c2VySWQiOjIsInN1YiI6InRoZDIwMjAiLCJpYXQiOjE3NDI0NzEyODksImV4cCI6MTc0MjUwNzI4OX0.Z4j5u2tAMPzr_P2AZ3_dTQviYwNin3Na7fEySxNa7wM','/api/v1/imaging/masks/194','200 OK','pas-main','2025-03-20 15:12:05.653580','2'),(88,NULL,'com.thd2020.pasmain.controller.ImagingController','\"Cannot find image locally\"',NULL,'127.0.0.1','INFO','getImage','GET','Body: 1, Bearer eyJhbGciOiJIUzI1NiJ9.eyJ1c2VySWQiOjIsInN1YiI6InRoZDIwMjAiLCJpYXQiOjE3NDI0NzEyODksImV4cCI6MTc0MjUwNzI4OX0.Z4j5u2tAMPzr_P2AZ3_dTQviYwNin3Na7fEySxNa7wM','/api/v1/imaging/images/1','404 NOT_FOUND','pas-main','2025-03-20 15:22:35.833112','2'),(89,NULL,'com.thd2020.pasmain.controller.ImagingController','file [/home/lmj/xyx/pas/1/record123/masks/1656216_24_bladder_mask.jpg]',NULL,'127.0.0.1','INFO','getMask','GET','Body: 195, Bearer eyJhbGciOiJIUzI1NiJ9.eyJ1c2VySWQiOjIsInN1YiI6InRoZDIwMjAiLCJpYXQiOjE3NDI0NzEyODksImV4cCI6MTc0MjUwNzI4OX0.Z4j5u2tAMPzr_P2AZ3_dTQviYwNin3Na7fEySxNa7wM','/api/v1/imaging/masks/195','200 OK','pas-main','2025-03-20 15:22:43.784603','2'),(90,NULL,'com.thd2020.pasmain.controller.ImagingController','file [/home/lmj/xyx/pas/1/record123/masks/1656216_24_placenta_mask.jpg]',NULL,'127.0.0.1','INFO','getMask','GET','Body: 196, Bearer eyJhbGciOiJIUzI1NiJ9.eyJ1c2VySWQiOjIsInN1YiI6InRoZDIwMjAiLCJpYXQiOjE3NDI0NzEyODksImV4cCI6MTc0MjUwNzI4OX0.Z4j5u2tAMPzr_P2AZ3_dTQviYwNin3Na7fEySxNa7wM','/api/v1/imaging/masks/196','200 OK','pas-main','2025-03-20 15:22:43.923670','2'),(91,NULL,'com.thd2020.pasmain.controller.ImagingController','\"Cannot find image locally\"',NULL,'127.0.0.1','INFO','getImage','GET','Body: 1, Bearer eyJhbGciOiJIUzI1NiJ9.eyJ1c2VySWQiOjIsInN1YiI6InRoZDIwMjAiLCJpYXQiOjE3NDI0NzEyODksImV4cCI6MTc0MjUwNzI4OX0.Z4j5u2tAMPzr_P2AZ3_dTQviYwNin3Na7fEySxNa7wM','/api/v1/imaging/images/1','404 NOT_FOUND','pas-main','2025-03-20 15:24:13.521018','2'),(92,NULL,'com.thd2020.pasmain.controller.ImagingController','file [/home/lmj/xyx/pas/1/record123/masks/1656216_23_bladder_mask.jpg]',NULL,'127.0.0.1','INFO','getMask','GET','Body: 197, Bearer eyJhbGciOiJIUzI1NiJ9.eyJ1c2VySWQiOjIsInN1YiI6InRoZDIwMjAiLCJpYXQiOjE3NDI0NzEyODksImV4cCI6MTc0MjUwNzI4OX0.Z4j5u2tAMPzr_P2AZ3_dTQviYwNin3Na7fEySxNa7wM','/api/v1/imaging/masks/197','200 OK','pas-main','2025-03-20 15:24:19.978264','2'),(93,NULL,'com.thd2020.pasmain.controller.ImagingController','file [/home/lmj/xyx/pas/1/record123/masks/1656216_23_placenta_mask.jpg]',NULL,'127.0.0.1','INFO','getMask','GET','Body: 198, Bearer eyJhbGciOiJIUzI1NiJ9.eyJ1c2VySWQiOjIsInN1YiI6InRoZDIwMjAiLCJpYXQiOjE3NDI0NzEyODksImV4cCI6MTc0MjUwNzI4OX0.Z4j5u2tAMPzr_P2AZ3_dTQviYwNin3Na7fEySxNa7wM','/api/v1/imaging/masks/198','200 OK','pas-main','2025-03-20 15:24:20.077393','2'),(94,NULL,'com.thd2020.pasmain.controller.ImagingController','\"Cannot find image locally\"',NULL,'127.0.0.1','INFO','getImage','GET','Body: 1, Bearer eyJhbGciOiJIUzI1NiJ9.eyJ1c2VySWQiOjIsInN1YiI6InRoZDIwMjAiLCJpYXQiOjE3NDI0NzEyODksImV4cCI6MTc0MjUwNzI4OX0.Z4j5u2tAMPzr_P2AZ3_dTQviYwNin3Na7fEySxNa7wM','/api/v1/imaging/images/1','404 NOT_FOUND','pas-main','2025-03-20 15:24:51.613162','2'),(95,NULL,'com.thd2020.pasmain.controller.ImagingController','file [/home/lmj/xyx/pas/1/record123/masks/1656216_23_bladder_mask.jpg]',NULL,'127.0.0.1','INFO','getMask','GET','Body: 199, Bearer eyJhbGciOiJIUzI1NiJ9.eyJ1c2VySWQiOjIsInN1YiI6InRoZDIwMjAiLCJpYXQiOjE3NDI0NzEyODksImV4cCI6MTc0MjUwNzI4OX0.Z4j5u2tAMPzr_P2AZ3_dTQviYwNin3Na7fEySxNa7wM','/api/v1/imaging/masks/199','200 OK','pas-main','2025-03-20 15:24:58.484748','2'),(96,NULL,'com.thd2020.pasmain.controller.ImagingController','file [/home/lmj/xyx/pas/1/record123/masks/1656216_23_placenta_mask.jpg]',NULL,'127.0.0.1','INFO','getMask','GET','Body: 200, Bearer eyJhbGciOiJIUzI1NiJ9.eyJ1c2VySWQiOjIsInN1YiI6InRoZDIwMjAiLCJpYXQiOjE3NDI0NzEyODksImV4cCI6MTc0MjUwNzI4OX0.Z4j5u2tAMPzr_P2AZ3_dTQviYwNin3Na7fEySxNa7wM','/api/v1/imaging/masks/200','200 OK','pas-main','2025-03-20 15:24:58.483931','2'),(97,NULL,'com.thd2020.pasmain.controller.ImagingController','\"Cannot find image locally\"',NULL,'127.0.0.1','INFO','getImage','GET','Body: 1, Bearer eyJhbGciOiJIUzI1NiJ9.eyJ1c2VySWQiOjIsInN1YiI6InRoZDIwMjAiLCJpYXQiOjE3NDI0NzEyODksImV4cCI6MTc0MjUwNzI4OX0.Z4j5u2tAMPzr_P2AZ3_dTQviYwNin3Na7fEySxNa7wM','/api/v1/imaging/images/1','404 NOT_FOUND','pas-main','2025-03-20 15:34:00.686457','2'),(98,NULL,'com.thd2020.pasmain.controller.ImagingController','file [/home/lmj/xyx/pas/1/record123/masks/1656216_23_bladder_mask.jpg]',NULL,'127.0.0.1','INFO','getMask','GET','Body: 201, Bearer eyJhbGciOiJIUzI1NiJ9.eyJ1c2VySWQiOjIsInN1YiI6InRoZDIwMjAiLCJpYXQiOjE3NDI0NzEyODksImV4cCI6MTc0MjUwNzI4OX0.Z4j5u2tAMPzr_P2AZ3_dTQviYwNin3Na7fEySxNa7wM','/api/v1/imaging/masks/201','200 OK','pas-main','2025-03-20 15:34:09.693707','2'),(99,NULL,'com.thd2020.pasmain.controller.ImagingController','file [/home/lmj/xyx/pas/1/record123/masks/1656216_23_placenta_mask.jpg]',NULL,'127.0.0.1','INFO','getMask','GET','Body: 202, Bearer eyJhbGciOiJIUzI1NiJ9.eyJ1c2VySWQiOjIsInN1YiI6InRoZDIwMjAiLCJpYXQiOjE3NDI0NzEyODksImV4cCI6MTc0MjUwNzI4OX0.Z4j5u2tAMPzr_P2AZ3_dTQviYwNin3Na7fEySxNa7wM','/api/v1/imaging/masks/202','200 OK','pas-main','2025-03-20 15:34:09.864490','2'),(100,NULL,'com.thd2020.pasmain.controller.ImagingController','\"Cannot find image locally\"',NULL,'127.0.0.1','INFO','getImage','GET','Body: 1, Bearer eyJhbGciOiJIUzI1NiJ9.eyJ1c2VySWQiOjIsInN1YiI6InRoZDIwMjAiLCJpYXQiOjE3NDI0NzEyODksImV4cCI6MTc0MjUwNzI4OX0.Z4j5u2tAMPzr_P2AZ3_dTQviYwNin3Na7fEySxNa7wM','/api/v1/imaging/images/1','404 NOT_FOUND','pas-main','2025-03-20 15:36:22.103922','2'),(101,NULL,'com.thd2020.pasmain.controller.ImagingController','file [/home/lmj/xyx/pas/1/record123/masks/1656216_23_bladder_mask.jpg]',NULL,'127.0.0.1','INFO','getMask','GET','Body: 203, Bearer eyJhbGciOiJIUzI1NiJ9.eyJ1c2VySWQiOjIsInN1YiI6InRoZDIwMjAiLCJpYXQiOjE3NDI0NzEyODksImV4cCI6MTc0MjUwNzI4OX0.Z4j5u2tAMPzr_P2AZ3_dTQviYwNin3Na7fEySxNa7wM','/api/v1/imaging/masks/203','200 OK','pas-main','2025-03-20 15:36:28.750873','2'),(102,NULL,'com.thd2020.pasmain.controller.ImagingController','file [/home/lmj/xyx/pas/1/record123/masks/1656216_23_placenta_mask.jpg]',NULL,'127.0.0.1','INFO','getMask','GET','Body: 204, Bearer eyJhbGciOiJIUzI1NiJ9.eyJ1c2VySWQiOjIsInN1YiI6InRoZDIwMjAiLCJpYXQiOjE3NDI0NzEyODksImV4cCI6MTc0MjUwNzI4OX0.Z4j5u2tAMPzr_P2AZ3_dTQviYwNin3Na7fEySxNa7wM','/api/v1/imaging/masks/204','200 OK','pas-main','2025-03-20 15:36:28.771486','2'),(103,NULL,'com.thd2020.pasmain.controller.ImagingController','\"Cannot find image locally\"',NULL,'127.0.0.1','INFO','getImage','GET','Body: 1, Bearer eyJhbGciOiJIUzI1NiJ9.eyJ1c2VySWQiOjIsInN1YiI6InRoZDIwMjAiLCJpYXQiOjE3NDI0NzEyODksImV4cCI6MTc0MjUwNzI4OX0.Z4j5u2tAMPzr_P2AZ3_dTQviYwNin3Na7fEySxNa7wM','/api/v1/imaging/images/1','404 NOT_FOUND','pas-main','2025-03-20 15:41:03.816621','2'),(104,NULL,'com.thd2020.pasmain.controller.ImagingController','file [/home/lmj/xyx/pas/1/record123/masks/1656216_23_bladder_mask.jpg]',NULL,'127.0.0.1','INFO','getMask','GET','Body: 205, Bearer eyJhbGciOiJIUzI1NiJ9.eyJ1c2VySWQiOjIsInN1YiI6InRoZDIwMjAiLCJpYXQiOjE3NDI0NzEyODksImV4cCI6MTc0MjUwNzI4OX0.Z4j5u2tAMPzr_P2AZ3_dTQviYwNin3Na7fEySxNa7wM','/api/v1/imaging/masks/205','200 OK','pas-main','2025-03-20 15:41:09.853068','2'),(105,NULL,'com.thd2020.pasmain.controller.ImagingController','file [/home/lmj/xyx/pas/1/record123/masks/1656216_23_placenta_mask.jpg]',NULL,'127.0.0.1','INFO','getMask','GET','Body: 206, Bearer eyJhbGciOiJIUzI1NiJ9.eyJ1c2VySWQiOjIsInN1YiI6InRoZDIwMjAiLCJpYXQiOjE3NDI0NzEyODksImV4cCI6MTc0MjUwNzI4OX0.Z4j5u2tAMPzr_P2AZ3_dTQviYwNin3Na7fEySxNa7wM','/api/v1/imaging/masks/206','200 OK','pas-main','2025-03-20 15:41:10.022196','2'),(106,NULL,'com.thd2020.pasmain.controller.ImagingController','file [/home/lmj/xyx/pas/1/record123/masks/1656216_23_placenta_mask.jpg]',NULL,'127.0.0.1','INFO','getMask','GET','Body: 208, Bearer eyJhbGciOiJIUzI1NiJ9.eyJ1c2VySWQiOjIsInN1YiI6InRoZDIwMjAiLCJpYXQiOjE3NDI0NzEyODksImV4cCI6MTc0MjUwNzI4OX0.Z4j5u2tAMPzr_P2AZ3_dTQviYwNin3Na7fEySxNa7wM','/api/v1/imaging/masks/208','200 OK','pas-main','2025-03-20 15:42:08.417572','2'),(107,NULL,'com.thd2020.pasmain.controller.ImagingController','file [/home/lmj/xyx/pas/1/record123/masks/1656216_23_bladder_mask.jpg]',NULL,'127.0.0.1','INFO','getMask','GET','Body: 207, Bearer eyJhbGciOiJIUzI1NiJ9.eyJ1c2VySWQiOjIsInN1YiI6InRoZDIwMjAiLCJpYXQiOjE3NDI0NzEyODksImV4cCI6MTc0MjUwNzI4OX0.Z4j5u2tAMPzr_P2AZ3_dTQviYwNin3Na7fEySxNa7wM','/api/v1/imaging/masks/207','200 OK','pas-main','2025-03-20 15:42:08.419802','2'),(108,NULL,'com.thd2020.pasmain.controller.ImagingController','file [/home/lmj/xyx/pas/1/record123/masks/1715362_22_placenta_mask.jpg]',NULL,'127.0.0.1','INFO','getMask','GET','Body: 210, Bearer eyJhbGciOiJIUzI1NiJ9.eyJ1c2VySWQiOjIsInN1YiI6InRoZDIwMjAiLCJpYXQiOjE3NDI0NzEyODksImV4cCI6MTc0MjUwNzI4OX0.Z4j5u2tAMPzr_P2AZ3_dTQviYwNin3Na7fEySxNa7wM','/api/v1/imaging/masks/210','200 OK','pas-main','2025-03-20 15:42:33.014893','2'),(109,NULL,'com.thd2020.pasmain.controller.ImagingController','file [/home/lmj/xyx/pas/1/record123/masks/1715362_22_bladder_mask.jpg]',NULL,'127.0.0.1','INFO','getMask','GET','Body: 209, Bearer eyJhbGciOiJIUzI1NiJ9.eyJ1c2VySWQiOjIsInN1YiI6InRoZDIwMjAiLCJpYXQiOjE3NDI0NzEyODksImV4cCI6MTc0MjUwNzI4OX0.Z4j5u2tAMPzr_P2AZ3_dTQviYwNin3Na7fEySxNa7wM','/api/v1/imaging/masks/209','200 OK','pas-main','2025-03-20 15:42:33.018108','2'),(110,NULL,'com.thd2020.pasmain.controller.ImagingController','\"Cannot find image locally\"',NULL,'127.0.0.1','INFO','getImage','GET','Body: 1, Bearer eyJhbGciOiJIUzI1NiJ9.eyJ1c2VySWQiOjIsInN1YiI6InRoZDIwMjAiLCJpYXQiOjE3NDI0NzEyODksImV4cCI6MTc0MjUwNzI4OX0.Z4j5u2tAMPzr_P2AZ3_dTQviYwNin3Na7fEySxNa7wM','/api/v1/imaging/images/1','404 NOT_FOUND','pas-main','2025-03-20 15:45:15.412041','2'),(111,NULL,'com.thd2020.pasmain.controller.ImagingController','file [/home/lmj/xyx/pas/1/record123/masks/1656216_23_bladder_mask.jpg]',NULL,'127.0.0.1','INFO','getMask','GET','Body: 211, Bearer eyJhbGciOiJIUzI1NiJ9.eyJ1c2VySWQiOjIsInN1YiI6InRoZDIwMjAiLCJpYXQiOjE3NDI0NzEyODksImV4cCI6MTc0MjUwNzI4OX0.Z4j5u2tAMPzr_P2AZ3_dTQviYwNin3Na7fEySxNa7wM','/api/v1/imaging/masks/211','200 OK','pas-main','2025-03-20 15:45:23.205551','2'),(112,NULL,'com.thd2020.pasmain.controller.ImagingController','file [/home/lmj/xyx/pas/1/record123/masks/1656216_23_placenta_mask.jpg]',NULL,'127.0.0.1','INFO','getMask','GET','Body: 212, Bearer eyJhbGciOiJIUzI1NiJ9.eyJ1c2VySWQiOjIsInN1YiI6InRoZDIwMjAiLCJpYXQiOjE3NDI0NzEyODksImV4cCI6MTc0MjUwNzI4OX0.Z4j5u2tAMPzr_P2AZ3_dTQviYwNin3Na7fEySxNa7wM','/api/v1/imaging/masks/212','200 OK','pas-main','2025-03-20 15:45:23.293000','2'),(113,NULL,'com.thd2020.pasmain.controller.ImagingController','\"Cannot find image locally\"',NULL,'127.0.0.1','INFO','getImage','GET','Body: 1, Bearer eyJhbGciOiJIUzI1NiJ9.eyJ1c2VySWQiOjIsInN1YiI6InRoZDIwMjAiLCJpYXQiOjE3NDI0NzEyODksImV4cCI6MTc0MjUwNzI4OX0.Z4j5u2tAMPzr_P2AZ3_dTQviYwNin3Na7fEySxNa7wM','/api/v1/imaging/images/1','404 NOT_FOUND','pas-main','2025-03-20 15:45:40.594395','2'),(114,NULL,'com.thd2020.pasmain.controller.ImagingController','file [/home/lmj/xyx/pas/1/record123/masks/1656216_23_placenta_mask.jpg]',NULL,'127.0.0.1','INFO','getMask','GET','Body: 214, Bearer eyJhbGciOiJIUzI1NiJ9.eyJ1c2VySWQiOjIsInN1YiI6InRoZDIwMjAiLCJpYXQiOjE3NDI0NzEyODksImV4cCI6MTc0MjUwNzI4OX0.Z4j5u2tAMPzr_P2AZ3_dTQviYwNin3Na7fEySxNa7wM','/api/v1/imaging/masks/214','200 OK','pas-main','2025-03-20 15:45:46.841925','2'),(115,NULL,'com.thd2020.pasmain.controller.ImagingController','file [/home/lmj/xyx/pas/1/record123/masks/1656216_23_bladder_mask.jpg]',NULL,'127.0.0.1','INFO','getMask','GET','Body: 213, Bearer eyJhbGciOiJIUzI1NiJ9.eyJ1c2VySWQiOjIsInN1YiI6InRoZDIwMjAiLCJpYXQiOjE3NDI0NzEyODksImV4cCI6MTc0MjUwNzI4OX0.Z4j5u2tAMPzr_P2AZ3_dTQviYwNin3Na7fEySxNa7wM','/api/v1/imaging/masks/213','200 OK','pas-main','2025-03-20 15:45:46.842726','2'),(116,NULL,'com.thd2020.pasmain.controller.ImagingController','\"Cannot find image locally\"',NULL,'127.0.0.1','INFO','getImage','GET','Body: 1, Bearer eyJhbGciOiJIUzI1NiJ9.eyJ1c2VySWQiOjIsInN1YiI6InRoZDIwMjAiLCJpYXQiOjE3NDI0NzEyODksImV4cCI6MTc0MjUwNzI4OX0.Z4j5u2tAMPzr_P2AZ3_dTQviYwNin3Na7fEySxNa7wM','/api/v1/imaging/images/1','404 NOT_FOUND','pas-main','2025-03-20 15:46:09.082447','2'),(117,NULL,'com.thd2020.pasmain.controller.ImagingController','file [/home/lmj/xyx/pas/1/record123/masks/1656216_23_bladder_mask.jpg]',NULL,'127.0.0.1','INFO','getMask','GET','Body: 215, Bearer eyJhbGciOiJIUzI1NiJ9.eyJ1c2VySWQiOjIsInN1YiI6InRoZDIwMjAiLCJpYXQiOjE3NDI0NzEyODksImV4cCI6MTc0MjUwNzI4OX0.Z4j5u2tAMPzr_P2AZ3_dTQviYwNin3Na7fEySxNa7wM','/api/v1/imaging/masks/215','200 OK','pas-main','2025-03-20 15:46:17.935895','2'),(118,NULL,'com.thd2020.pasmain.controller.ImagingController','file [/home/lmj/xyx/pas/1/record123/masks/1656216_23_placenta_mask.jpg]',NULL,'127.0.0.1','INFO','getMask','GET','Body: 216, Bearer eyJhbGciOiJIUzI1NiJ9.eyJ1c2VySWQiOjIsInN1YiI6InRoZDIwMjAiLCJpYXQiOjE3NDI0NzEyODksImV4cCI6MTc0MjUwNzI4OX0.Z4j5u2tAMPzr_P2AZ3_dTQviYwNin3Na7fEySxNa7wM','/api/v1/imaging/masks/216','200 OK','pas-main','2025-03-20 15:46:17.936159','2'),(119,NULL,'com.thd2020.pasmain.controller.ImagingController','\"Cannot find image locally\"',NULL,'127.0.0.1','INFO','getImage','GET','Body: 1, Bearer eyJhbGciOiJIUzI1NiJ9.eyJ1c2VySWQiOjIsInN1YiI6InRoZDIwMjAiLCJpYXQiOjE3NDI0NzEyODksImV4cCI6MTc0MjUwNzI4OX0.Z4j5u2tAMPzr_P2AZ3_dTQviYwNin3Na7fEySxNa7wM','/api/v1/imaging/images/1','404 NOT_FOUND','pas-main','2025-03-20 15:46:33.231709','2'),(120,NULL,'com.thd2020.pasmain.controller.ImagingController','file [/home/lmj/xyx/pas/1/record123/masks/1656216_23_placenta_mask.jpg]',NULL,'127.0.0.1','INFO','getMask','GET','Body: 218, Bearer eyJhbGciOiJIUzI1NiJ9.eyJ1c2VySWQiOjIsInN1YiI6InRoZDIwMjAiLCJpYXQiOjE3NDI0NzEyODksImV4cCI6MTc0MjUwNzI4OX0.Z4j5u2tAMPzr_P2AZ3_dTQviYwNin3Na7fEySxNa7wM','/api/v1/imaging/masks/218','200 OK','pas-main','2025-03-20 15:46:40.831029','2'),(121,NULL,'com.thd2020.pasmain.controller.ImagingController','file [/home/lmj/xyx/pas/1/record123/masks/1656216_23_bladder_mask.jpg]',NULL,'127.0.0.1','INFO','getMask','GET','Body: 217, Bearer eyJhbGciOiJIUzI1NiJ9.eyJ1c2VySWQiOjIsInN1YiI6InRoZDIwMjAiLCJpYXQiOjE3NDI0NzEyODksImV4cCI6MTc0MjUwNzI4OX0.Z4j5u2tAMPzr_P2AZ3_dTQviYwNin3Na7fEySxNa7wM','/api/v1/imaging/masks/217','200 OK','pas-main','2025-03-20 15:46:40.830628','2'),(122,NULL,'com.thd2020.pasmain.controller.ImagingController','\"Cannot find image locally\"',NULL,'127.0.0.1','INFO','getImage','GET','Body: 1, Bearer eyJhbGciOiJIUzI1NiJ9.eyJ1c2VySWQiOjIsInN1YiI6InRoZDIwMjAiLCJpYXQiOjE3NDI0NzEyODksImV4cCI6MTc0MjUwNzI4OX0.Z4j5u2tAMPzr_P2AZ3_dTQviYwNin3Na7fEySxNa7wM','/api/v1/imaging/images/1','404 NOT_FOUND','pas-main','2025-03-20 15:47:47.821438','2'),(123,NULL,'com.thd2020.pasmain.controller.ImagingController','file [/home/lmj/xyx/pas/1/record123/masks/1656216_23_bladder_mask.jpg]',NULL,'127.0.0.1','INFO','getMask','GET','Body: 219, Bearer eyJhbGciOiJIUzI1NiJ9.eyJ1c2VySWQiOjIsInN1YiI6InRoZDIwMjAiLCJpYXQiOjE3NDI0NzEyODksImV4cCI6MTc0MjUwNzI4OX0.Z4j5u2tAMPzr_P2AZ3_dTQviYwNin3Na7fEySxNa7wM','/api/v1/imaging/masks/219','200 OK','pas-main','2025-03-20 15:47:55.656041','2'),(124,NULL,'com.thd2020.pasmain.controller.ImagingController','file [/home/lmj/xyx/pas/1/record123/masks/1656216_23_placenta_mask.jpg]',NULL,'127.0.0.1','INFO','getMask','GET','Body: 220, Bearer eyJhbGciOiJIUzI1NiJ9.eyJ1c2VySWQiOjIsInN1YiI6InRoZDIwMjAiLCJpYXQiOjE3NDI0NzEyODksImV4cCI6MTc0MjUwNzI4OX0.Z4j5u2tAMPzr_P2AZ3_dTQviYwNin3Na7fEySxNa7wM','/api/v1/imaging/masks/220','200 OK','pas-main','2025-03-20 15:47:55.799254','2'),(125,NULL,'com.thd2020.pasmain.controller.ImagingController','\"Cannot find image locally\"',NULL,'127.0.0.1','INFO','getImage','GET','Body: 1, Bearer eyJhbGciOiJIUzI1NiJ9.eyJ1c2VySWQiOjIsInN1YiI6InRoZDIwMjAiLCJpYXQiOjE3NDI0NzEyODksImV4cCI6MTc0MjUwNzI4OX0.Z4j5u2tAMPzr_P2AZ3_dTQviYwNin3Na7fEySxNa7wM','/api/v1/imaging/images/1','404 NOT_FOUND','pas-main','2025-03-20 15:49:28.148730','2'),(126,NULL,'com.thd2020.pasmain.controller.ImagingController','file [/home/lmj/xyx/pas/1/record123/masks/1656216_23_bladder_mask.jpg]',NULL,'127.0.0.1','INFO','getMask','GET','Body: 221, Bearer eyJhbGciOiJIUzI1NiJ9.eyJ1c2VySWQiOjIsInN1YiI6InRoZDIwMjAiLCJpYXQiOjE3NDI0NzEyODksImV4cCI6MTc0MjUwNzI4OX0.Z4j5u2tAMPzr_P2AZ3_dTQviYwNin3Na7fEySxNa7wM','/api/v1/imaging/masks/221','200 OK','pas-main','2025-03-20 15:49:35.455726','2'),(127,NULL,'com.thd2020.pasmain.controller.ImagingController','file [/home/lmj/xyx/pas/1/record123/masks/1656216_23_placenta_mask.jpg]',NULL,'127.0.0.1','INFO','getMask','GET','Body: 222, Bearer eyJhbGciOiJIUzI1NiJ9.eyJ1c2VySWQiOjIsInN1YiI6InRoZDIwMjAiLCJpYXQiOjE3NDI0NzEyODksImV4cCI6MTc0MjUwNzI4OX0.Z4j5u2tAMPzr_P2AZ3_dTQviYwNin3Na7fEySxNa7wM','/api/v1/imaging/masks/222','200 OK','pas-main','2025-03-20 15:49:35.626450','2'),(128,NULL,'com.thd2020.pasmain.controller.ImagingController','\"Cannot find image locally\"',NULL,'127.0.0.1','INFO','getImage','GET','Body: 1, Bearer eyJhbGciOiJIUzI1NiJ9.eyJ1c2VySWQiOjIsInN1YiI6InRoZDIwMjAiLCJpYXQiOjE3NDI0NzEyODksImV4cCI6MTc0MjUwNzI4OX0.Z4j5u2tAMPzr_P2AZ3_dTQviYwNin3Na7fEySxNa7wM','/api/v1/imaging/images/1','404 NOT_FOUND','pas-main','2025-03-20 15:50:18.442015','2'),(129,NULL,'com.thd2020.pasmain.controller.ImagingController','file [/home/lmj/xyx/pas/1/record123/masks/1656216_23_bladder_mask.jpg]',NULL,'127.0.0.1','INFO','getMask','GET','Body: 223, Bearer eyJhbGciOiJIUzI1NiJ9.eyJ1c2VySWQiOjIsInN1YiI6InRoZDIwMjAiLCJpYXQiOjE3NDI0NzEyODksImV4cCI6MTc0MjUwNzI4OX0.Z4j5u2tAMPzr_P2AZ3_dTQviYwNin3Na7fEySxNa7wM','/api/v1/imaging/masks/223','200 OK','pas-main','2025-03-20 15:50:25.359205','2'),(130,NULL,'com.thd2020.pasmain.controller.ImagingController','file [/home/lmj/xyx/pas/1/record123/masks/1656216_23_placenta_mask.jpg]',NULL,'127.0.0.1','INFO','getMask','GET','Body: 224, Bearer eyJhbGciOiJIUzI1NiJ9.eyJ1c2VySWQiOjIsInN1YiI6InRoZDIwMjAiLCJpYXQiOjE3NDI0NzEyODksImV4cCI6MTc0MjUwNzI4OX0.Z4j5u2tAMPzr_P2AZ3_dTQviYwNin3Na7fEySxNa7wM','/api/v1/imaging/masks/224','200 OK','pas-main','2025-03-20 15:50:25.358723','2'),(131,NULL,'com.thd2020.pasmain.controller.ImagingController','\"Cannot find image locally\"',NULL,'127.0.0.1','INFO','getImage','GET','Body: 1, Bearer eyJhbGciOiJIUzI1NiJ9.eyJ1c2VySWQiOjIsInN1YiI6InRoZDIwMjAiLCJpYXQiOjE3NDI0NzEyODksImV4cCI6MTc0MjUwNzI4OX0.Z4j5u2tAMPzr_P2AZ3_dTQviYwNin3Na7fEySxNa7wM','/api/v1/imaging/images/1','404 NOT_FOUND','pas-main','2025-03-20 15:52:18.034932','2'),(132,NULL,'com.thd2020.pasmain.controller.ImagingController','file [/home/lmj/xyx/pas/1/record123/masks/1656216_23_bladder_mask.jpg]',NULL,'127.0.0.1','INFO','getMask','GET','Body: 225, Bearer eyJhbGciOiJIUzI1NiJ9.eyJ1c2VySWQiOjIsInN1YiI6InRoZDIwMjAiLCJpYXQiOjE3NDI0NzEyODksImV4cCI6MTc0MjUwNzI4OX0.Z4j5u2tAMPzr_P2AZ3_dTQviYwNin3Na7fEySxNa7wM','/api/v1/imaging/masks/225','200 OK','pas-main','2025-03-20 15:52:26.006765','2'),(133,NULL,'com.thd2020.pasmain.controller.ImagingController','file [/home/lmj/xyx/pas/1/record123/masks/1656216_23_placenta_mask.jpg]',NULL,'127.0.0.1','INFO','getMask','GET','Body: 226, Bearer eyJhbGciOiJIUzI1NiJ9.eyJ1c2VySWQiOjIsInN1YiI6InRoZDIwMjAiLCJpYXQiOjE3NDI0NzEyODksImV4cCI6MTc0MjUwNzI4OX0.Z4j5u2tAMPzr_P2AZ3_dTQviYwNin3Na7fEySxNa7wM','/api/v1/imaging/masks/226','200 OK','pas-main','2025-03-20 15:52:26.113128','2'),(134,NULL,'com.thd2020.pasmain.controller.ImagingController','\"Cannot find image locally\"',NULL,'127.0.0.1','INFO','getImage','GET','Body: 1, Bearer eyJhbGciOiJIUzI1NiJ9.eyJ1c2VySWQiOjIsInN1YiI6InRoZDIwMjAiLCJpYXQiOjE3NDI0NzEyODksImV4cCI6MTc0MjUwNzI4OX0.Z4j5u2tAMPzr_P2AZ3_dTQviYwNin3Na7fEySxNa7wM','/api/v1/imaging/images/1','404 NOT_FOUND','pas-main','2025-03-20 15:54:25.868324','2'),(135,NULL,'com.thd2020.pasmain.controller.ImagingController','file [/home/lmj/xyx/pas/1/record123/masks/1656216_23_bladder_mask.jpg]',NULL,'127.0.0.1','INFO','getMask','GET','Body: 227, Bearer eyJhbGciOiJIUzI1NiJ9.eyJ1c2VySWQiOjIsInN1YiI6InRoZDIwMjAiLCJpYXQiOjE3NDI0NzEyODksImV4cCI6MTc0MjUwNzI4OX0.Z4j5u2tAMPzr_P2AZ3_dTQviYwNin3Na7fEySxNa7wM','/api/v1/imaging/masks/227','200 OK','pas-main','2025-03-20 15:54:31.984884','2'),(136,NULL,'com.thd2020.pasmain.controller.ImagingController','file [/home/lmj/xyx/pas/1/record123/masks/1656216_23_placenta_mask.jpg]',NULL,'127.0.0.1','INFO','getMask','GET','Body: 228, Bearer eyJhbGciOiJIUzI1NiJ9.eyJ1c2VySWQiOjIsInN1YiI6InRoZDIwMjAiLCJpYXQiOjE3NDI0NzEyODksImV4cCI6MTc0MjUwNzI4OX0.Z4j5u2tAMPzr_P2AZ3_dTQviYwNin3Na7fEySxNa7wM','/api/v1/imaging/masks/228','200 OK','pas-main','2025-03-20 15:54:32.033166','2'),(137,NULL,'com.thd2020.pasmain.controller.UserController','Status: success, Message: Login successful, Data: com.thd2020.pasmain.dto.JwtResponse@2dafd4df',NULL,'127.0.0.1','INFO','loginUser','POST','Body: com.thd2020.pasmain.dto.AuthenticationRequest@588b07f','/api/v1/users/login','success','pas-main','2025-03-21 01:06:46.683994','anonymous'),(138,NULL,'com.thd2020.pasmain.controller.ImagingController','\"Cannot find image locally\"',NULL,'127.0.0.1','INFO','getImage','GET','Body: 1, Bearer eyJhbGciOiJIUzI1NiJ9.eyJ1c2VySWQiOjIsInN1YiI6InRoZDIwMjAiLCJpYXQiOjE3NDI1MTkyMDYsImV4cCI6MTc0MjU1NTIwNn0.N0WHYKZN4vrISdRrqcP0Wwu6Kp48Lel0B8pkvs9LNec','/api/v1/imaging/images/1','404 NOT_FOUND','pas-main','2025-03-21 01:06:48.227579','2'),(139,NULL,'com.thd2020.pasmain.controller.ImagingController','file [/home/lmj/xyx/pas/1/record123/masks/1656216_23_bladder_mask.jpg]',NULL,'127.0.0.1','INFO','getMask','GET','Body: 229, Bearer eyJhbGciOiJIUzI1NiJ9.eyJ1c2VySWQiOjIsInN1YiI6InRoZDIwMjAiLCJpYXQiOjE3NDI1MTkyMDYsImV4cCI6MTc0MjU1NTIwNn0.N0WHYKZN4vrISdRrqcP0Wwu6Kp48Lel0B8pkvs9LNec','/api/v1/imaging/masks/229','200 OK','pas-main','2025-03-21 01:07:02.355039','2'),(140,NULL,'com.thd2020.pasmain.controller.ImagingController','\"Cannot find image locally\"',NULL,'127.0.0.1','INFO','getImage','GET','Body: 1, Bearer eyJhbGciOiJIUzI1NiJ9.eyJ1c2VySWQiOjIsInN1YiI6InRoZDIwMjAiLCJpYXQiOjE3NDI1MTkyMDYsImV4cCI6MTc0MjU1NTIwNn0.N0WHYKZN4vrISdRrqcP0Wwu6Kp48Lel0B8pkvs9LNec','/api/v1/imaging/images/1','404 NOT_FOUND','pas-main','2025-03-21 01:08:32.657766','2'),(141,NULL,'com.thd2020.pasmain.controller.ImagingController','file [/home/lmj/xyx/pas/1/record123/masks/1656216_22_bladder_mask.jpg]',NULL,'127.0.0.1','INFO','getMask','GET','Body: 230, Bearer eyJhbGciOiJIUzI1NiJ9.eyJ1c2VySWQiOjIsInN1YiI6InRoZDIwMjAiLCJpYXQiOjE3NDI1MTkyMDYsImV4cCI6MTc0MjU1NTIwNn0.N0WHYKZN4vrISdRrqcP0Wwu6Kp48Lel0B8pkvs9LNec','/api/v1/imaging/masks/230','200 OK','pas-main','2025-03-21 01:08:46.995503','2'),(142,NULL,'com.thd2020.pasmain.controller.ImagingController','\"Cannot find image locally\"',NULL,'127.0.0.1','INFO','getImage','GET','Body: 1, Bearer eyJhbGciOiJIUzI1NiJ9.eyJ1c2VySWQiOjIsInN1YiI6InRoZDIwMjAiLCJpYXQiOjE3NDI1MTkyMDYsImV4cCI6MTc0MjU1NTIwNn0.N0WHYKZN4vrISdRrqcP0Wwu6Kp48Lel0B8pkvs9LNec','/api/v1/imaging/images/1','404 NOT_FOUND','pas-main','2025-03-21 01:12:17.945255','2'),(143,NULL,'com.thd2020.pasmain.controller.ImagingController','\"Cannot find image locally\"',NULL,'127.0.0.1','INFO','getImage','GET','Body: 1, Bearer eyJhbGciOiJIUzI1NiJ9.eyJ1c2VySWQiOjIsInN1YiI6InRoZDIwMjAiLCJpYXQiOjE3NDI1MTkyMDYsImV4cCI6MTc0MjU1NTIwNn0.N0WHYKZN4vrISdRrqcP0Wwu6Kp48Lel0B8pkvs9LNec','/api/v1/imaging/images/1','404 NOT_FOUND','pas-main','2025-03-21 01:12:29.116479','2'),(144,NULL,'com.thd2020.pasmain.controller.ImagingController','file [/home/lmj/xyx/pas/1/record123/masks/1656216_22_bladder_mask.jpg]',NULL,'127.0.0.1','INFO','getMask','GET','Body: 231, Bearer eyJhbGciOiJIUzI1NiJ9.eyJ1c2VySWQiOjIsInN1YiI6InRoZDIwMjAiLCJpYXQiOjE3NDI1MTkyMDYsImV4cCI6MTc0MjU1NTIwNn0.N0WHYKZN4vrISdRrqcP0Wwu6Kp48Lel0B8pkvs9LNec','/api/v1/imaging/masks/231','200 OK','pas-main','2025-03-21 01:12:43.538929','2'),(145,NULL,'com.thd2020.pasmain.controller.ImagingController','\"Cannot find image locally\"',NULL,'127.0.0.1','INFO','getImage','GET','Body: 1, Bearer eyJhbGciOiJIUzI1NiJ9.eyJ1c2VySWQiOjIsInN1YiI6InRoZDIwMjAiLCJpYXQiOjE3NDI1MTkyMDYsImV4cCI6MTc0MjU1NTIwNn0.N0WHYKZN4vrISdRrqcP0Wwu6Kp48Lel0B8pkvs9LNec','/api/v1/imaging/images/1','404 NOT_FOUND','pas-main','2025-03-21 01:13:21.504738','2'),(146,NULL,'com.thd2020.pasmain.controller.ImagingController','\"Cannot find image locally\"',NULL,'127.0.0.1','INFO','getImage','GET','Body: 1, Bearer eyJhbGciOiJIUzI1NiJ9.eyJ1c2VySWQiOjIsInN1YiI6InRoZDIwMjAiLCJpYXQiOjE3NDI1MTkyMDYsImV4cCI6MTc0MjU1NTIwNn0.N0WHYKZN4vrISdRrqcP0Wwu6Kp48Lel0B8pkvs9LNec','/api/v1/imaging/images/1','404 NOT_FOUND','pas-main','2025-03-21 01:13:31.803795','2'),(147,NULL,'com.thd2020.pasmain.controller.ImagingController','\"Cannot find image locally\"',NULL,'127.0.0.1','INFO','getImage','GET','Body: 1, Bearer eyJhbGciOiJIUzI1NiJ9.eyJ1c2VySWQiOjIsInN1YiI6InRoZDIwMjAiLCJpYXQiOjE3NDI1MTkyMDYsImV4cCI6MTc0MjU1NTIwNn0.N0WHYKZN4vrISdRrqcP0Wwu6Kp48Lel0B8pkvs9LNec','/api/v1/imaging/images/1','404 NOT_FOUND','pas-main','2025-03-21 01:13:35.611695','2'),(148,NULL,'com.thd2020.pasmain.controller.ImagingController','file [/home/lmj/xyx/pas/1/record123/masks/1656216_21_bladder_mask.jpg]',NULL,'127.0.0.1','INFO','getMask','GET','Body: 233, Bearer eyJhbGciOiJIUzI1NiJ9.eyJ1c2VySWQiOjIsInN1YiI6InRoZDIwMjAiLCJpYXQiOjE3NDI1MTkyMDYsImV4cCI6MTc0MjU1NTIwNn0.N0WHYKZN4vrISdRrqcP0Wwu6Kp48Lel0B8pkvs9LNec','/api/v1/imaging/masks/233','200 OK','pas-main','2025-03-21 01:13:49.743576','2'),(149,NULL,'com.thd2020.pasmain.controller.ImagingController','\"Cannot find image locally\"',NULL,'127.0.0.1','INFO','getImage','GET','Body: 1, Bearer eyJhbGciOiJIUzI1NiJ9.eyJ1c2VySWQiOjIsInN1YiI6InRoZDIwMjAiLCJpYXQiOjE3NDI1MTkyMDYsImV4cCI6MTc0MjU1NTIwNn0.N0WHYKZN4vrISdRrqcP0Wwu6Kp48Lel0B8pkvs9LNec','/api/v1/imaging/images/1','404 NOT_FOUND','pas-main','2025-03-21 01:15:54.470454','2'),(150,NULL,'com.thd2020.pasmain.controller.ImagingController','\"Cannot find image locally\"',NULL,'127.0.0.1','INFO','getImage','GET','Body: 1, Bearer eyJhbGciOiJIUzI1NiJ9.eyJ1c2VySWQiOjIsInN1YiI6InRoZDIwMjAiLCJpYXQiOjE3NDI1MTkyMDYsImV4cCI6MTc0MjU1NTIwNn0.N0WHYKZN4vrISdRrqcP0Wwu6Kp48Lel0B8pkvs9LNec','/api/v1/imaging/images/1','404 NOT_FOUND','pas-main','2025-03-21 01:16:13.516315','2'),(151,NULL,'com.thd2020.pasmain.controller.ImagingController','\"Cannot find image locally\"',NULL,'127.0.0.1','INFO','getImage','GET','Body: 1, Bearer eyJhbGciOiJIUzI1NiJ9.eyJ1c2VySWQiOjIsInN1YiI6InRoZDIwMjAiLCJpYXQiOjE3NDI1MTkyMDYsImV4cCI6MTc0MjU1NTIwNn0.N0WHYKZN4vrISdRrqcP0Wwu6Kp48Lel0B8pkvs9LNec','/api/v1/imaging/images/1','404 NOT_FOUND','pas-main','2025-03-21 01:17:15.263423','2'),(152,NULL,'com.thd2020.pasmain.controller.ImagingController','\"Cannot find image locally\"',NULL,'127.0.0.1','INFO','getImage','GET','Body: 1, Bearer eyJhbGciOiJIUzI1NiJ9.eyJ1c2VySWQiOjIsInN1YiI6InRoZDIwMjAiLCJpYXQiOjE3NDI1MTkyMDYsImV4cCI6MTc0MjU1NTIwNn0.N0WHYKZN4vrISdRrqcP0Wwu6Kp48Lel0B8pkvs9LNec','/api/v1/imaging/images/1','404 NOT_FOUND','pas-main','2025-03-21 01:17:44.930847','2'),(153,NULL,'com.thd2020.pasmain.controller.ImagingController','\"Cannot find image locally\"',NULL,'127.0.0.1','INFO','getImage','GET','Body: 1, Bearer eyJhbGciOiJIUzI1NiJ9.eyJ1c2VySWQiOjIsInN1YiI6InRoZDIwMjAiLCJpYXQiOjE3NDI1MTkyMDYsImV4cCI6MTc0MjU1NTIwNn0.N0WHYKZN4vrISdRrqcP0Wwu6Kp48Lel0B8pkvs9LNec','/api/v1/imaging/images/1','404 NOT_FOUND','pas-main','2025-03-21 01:18:07.487680','2'),(154,NULL,'com.thd2020.pasmain.controller.ImagingController','file [/home/lmj/xyx/pas/1/record123/masks/1656216_22_placenta_mask.jpg]',NULL,'127.0.0.1','INFO','getMask','GET','Body: 234, Bearer eyJhbGciOiJIUzI1NiJ9.eyJ1c2VySWQiOjIsInN1YiI6InRoZDIwMjAiLCJpYXQiOjE3NDI1MTkyMDYsImV4cCI6MTc0MjU1NTIwNn0.N0WHYKZN4vrISdRrqcP0Wwu6Kp48Lel0B8pkvs9LNec','/api/v1/imaging/masks/234','200 OK','pas-main','2025-03-21 01:18:20.542601','2'),(155,NULL,'com.thd2020.pasmain.controller.ImagingController','file [/home/lmj/xyx/pas/1/record123/masks/1656216_22_placenta_mask.jpg]',NULL,'127.0.0.1','INFO','getMask','GET','Body: 235, Bearer eyJhbGciOiJIUzI1NiJ9.eyJ1c2VySWQiOjIsInN1YiI6InRoZDIwMjAiLCJpYXQiOjE3NDI1MTkyMDYsImV4cCI6MTc0MjU1NTIwNn0.N0WHYKZN4vrISdRrqcP0Wwu6Kp48Lel0B8pkvs9LNec','/api/v1/imaging/masks/235','200 OK','pas-main','2025-03-21 01:19:50.713185','2'),(156,NULL,'com.thd2020.pasmain.controller.ImagingController','file [/home/lmj/xyx/pas/1/record123/masks/1656216_22_placenta_mask.jpg]',NULL,'127.0.0.1','INFO','getMask','GET','Body: 236, Bearer eyJhbGciOiJIUzI1NiJ9.eyJ1c2VySWQiOjIsInN1YiI6InRoZDIwMjAiLCJpYXQiOjE3NDI1MTkyMDYsImV4cCI6MTc0MjU1NTIwNn0.N0WHYKZN4vrISdRrqcP0Wwu6Kp48Lel0B8pkvs9LNec','/api/v1/imaging/masks/236','200 OK','pas-main','2025-03-21 01:19:57.852445','2'),(157,NULL,'com.thd2020.pasmain.controller.ImagingController','\"Cannot find image locally\"',NULL,'127.0.0.1','INFO','getImage','GET','Body: 1, Bearer eyJhbGciOiJIUzI1NiJ9.eyJ1c2VySWQiOjIsInN1YiI6InRoZDIwMjAiLCJpYXQiOjE3NDI1MTkyMDYsImV4cCI6MTc0MjU1NTIwNn0.N0WHYKZN4vrISdRrqcP0Wwu6Kp48Lel0B8pkvs9LNec','/api/v1/imaging/images/1','404 NOT_FOUND','pas-main','2025-03-21 01:20:03.460550','2'),(158,NULL,'com.thd2020.pasmain.controller.ImagingController','file [/home/lmj/xyx/pas/1/record123/masks/1656216_22_placenta_mask.jpg]',NULL,'127.0.0.1','INFO','getMask','GET','Body: 237, Bearer eyJhbGciOiJIUzI1NiJ9.eyJ1c2VySWQiOjIsInN1YiI6InRoZDIwMjAiLCJpYXQiOjE3NDI1MTkyMDYsImV4cCI6MTc0MjU1NTIwNn0.N0WHYKZN4vrISdRrqcP0Wwu6Kp48Lel0B8pkvs9LNec','/api/v1/imaging/masks/237','200 OK','pas-main','2025-03-21 01:20:17.611040','2'),(159,NULL,'com.thd2020.pasmain.controller.ImagingController','file [/home/lmj/xyx/pas/1/record123/masks/1656216_22_bladder_mask.jpg]',NULL,'127.0.0.1','INFO','getMask','GET','Body: 238, Bearer eyJhbGciOiJIUzI1NiJ9.eyJ1c2VySWQiOjIsInN1YiI6InRoZDIwMjAiLCJpYXQiOjE3NDI1MTkyMDYsImV4cCI6MTc0MjU1NTIwNn0.N0WHYKZN4vrISdRrqcP0Wwu6Kp48Lel0B8pkvs9LNec','/api/v1/imaging/masks/238','200 OK','pas-main','2025-03-21 01:23:31.896739','2'),(160,NULL,'com.thd2020.pasmain.controller.ImagingController','file [/home/lmj/xyx/pas/1/record123/masks/1656216_22_placenta_mask.jpg]',NULL,'127.0.0.1','INFO','getMask','GET','Body: 239, Bearer eyJhbGciOiJIUzI1NiJ9.eyJ1c2VySWQiOjIsInN1YiI6InRoZDIwMjAiLCJpYXQiOjE3NDI1MTkyMDYsImV4cCI6MTc0MjU1NTIwNn0.N0WHYKZN4vrISdRrqcP0Wwu6Kp48Lel0B8pkvs9LNec','/api/v1/imaging/masks/239','200 OK','pas-main','2025-03-21 01:23:31.905683','2'),(161,NULL,'com.thd2020.pasmain.controller.ImagingController','\"Cannot find image locally\"',NULL,'127.0.0.1','INFO','getImage','GET','Body: 1, Bearer eyJhbGciOiJIUzI1NiJ9.eyJ1c2VySWQiOjIsInN1YiI6InRoZDIwMjAiLCJpYXQiOjE3NDI1MTkyMDYsImV4cCI6MTc0MjU1NTIwNn0.N0WHYKZN4vrISdRrqcP0Wwu6Kp48Lel0B8pkvs9LNec','/api/v1/imaging/images/1','404 NOT_FOUND','pas-main','2025-03-21 01:24:59.016142','2'),(162,NULL,'com.thd2020.pasmain.controller.ImagingController','file [/home/lmj/xyx/pas/1/record123/masks/1656216_22_placenta_mask.jpg]',NULL,'127.0.0.1','INFO','getMask','GET','Body: 240, Bearer eyJhbGciOiJIUzI1NiJ9.eyJ1c2VySWQiOjIsInN1YiI6InRoZDIwMjAiLCJpYXQiOjE3NDI1MTkyMDYsImV4cCI6MTc0MjU1NTIwNn0.N0WHYKZN4vrISdRrqcP0Wwu6Kp48Lel0B8pkvs9LNec','/api/v1/imaging/masks/240','200 OK','pas-main','2025-03-21 01:25:10.817204','2'),(163,NULL,'com.thd2020.pasmain.controller.ImagingController','\"Cannot find image locally\"',NULL,'127.0.0.1','INFO','getImage','GET','Body: 1, Bearer eyJhbGciOiJIUzI1NiJ9.eyJ1c2VySWQiOjIsInN1YiI6InRoZDIwMjAiLCJpYXQiOjE3NDI1MTkyMDYsImV4cCI6MTc0MjU1NTIwNn0.N0WHYKZN4vrISdRrqcP0Wwu6Kp48Lel0B8pkvs9LNec','/api/v1/imaging/images/1','404 NOT_FOUND','pas-main','2025-03-21 01:25:37.236405','2'),(164,NULL,'com.thd2020.pasmain.controller.ImagingController','file [/home/lmj/xyx/pas/1/record123/masks/1656216_22_placenta_mask.jpg]',NULL,'127.0.0.1','INFO','getMask','GET','Body: 241, Bearer eyJhbGciOiJIUzI1NiJ9.eyJ1c2VySWQiOjIsInN1YiI6InRoZDIwMjAiLCJpYXQiOjE3NDI1MTkyMDYsImV4cCI6MTc0MjU1NTIwNn0.N0WHYKZN4vrISdRrqcP0Wwu6Kp48Lel0B8pkvs9LNec','/api/v1/imaging/masks/241','200 OK','pas-main','2025-03-21 01:25:49.372393','2'),(165,NULL,'com.thd2020.pasmain.controller.ImagingController','\"Cannot find image locally\"',NULL,'127.0.0.1','INFO','getImage','GET','Body: 1, Bearer eyJhbGciOiJIUzI1NiJ9.eyJ1c2VySWQiOjIsInN1YiI6InRoZDIwMjAiLCJpYXQiOjE3NDI1MTkyMDYsImV4cCI6MTc0MjU1NTIwNn0.N0WHYKZN4vrISdRrqcP0Wwu6Kp48Lel0B8pkvs9LNec','/api/v1/imaging/images/1','404 NOT_FOUND','pas-main','2025-03-21 01:28:48.317810','2'),(166,NULL,'com.thd2020.pasmain.controller.ImagingController','file [/home/lmj/xyx/pas/1/record123/masks/1656216_21_bladder_mask.jpg]',NULL,'127.0.0.1','INFO','getMask','GET','Body: 242, Bearer eyJhbGciOiJIUzI1NiJ9.eyJ1c2VySWQiOjIsInN1YiI6InRoZDIwMjAiLCJpYXQiOjE3NDI1MTkyMDYsImV4cCI6MTc0MjU1NTIwNn0.N0WHYKZN4vrISdRrqcP0Wwu6Kp48Lel0B8pkvs9LNec','/api/v1/imaging/masks/242','200 OK','pas-main','2025-03-21 01:29:04.754053','2'),(167,NULL,'com.thd2020.pasmain.controller.ImagingController','file [/home/lmj/xyx/pas/1/record123/masks/1656216_21_placenta_mask.jpg]',NULL,'127.0.0.1','INFO','getMask','GET','Body: 243, Bearer eyJhbGciOiJIUzI1NiJ9.eyJ1c2VySWQiOjIsInN1YiI6InRoZDIwMjAiLCJpYXQiOjE3NDI1MTkyMDYsImV4cCI6MTc0MjU1NTIwNn0.N0WHYKZN4vrISdRrqcP0Wwu6Kp48Lel0B8pkvs9LNec','/api/v1/imaging/masks/243','200 OK','pas-main','2025-03-21 01:29:04.751867','2'),(168,NULL,'com.thd2020.pasmain.controller.ImagingController','\"Cannot find image locally\"',NULL,'127.0.0.1','INFO','getImage','GET','Body: 1, Bearer eyJhbGciOiJIUzI1NiJ9.eyJ1c2VySWQiOjIsInN1YiI6InRoZDIwMjAiLCJpYXQiOjE3NDI1MTkyMDYsImV4cCI6MTc0MjU1NTIwNn0.N0WHYKZN4vrISdRrqcP0Wwu6Kp48Lel0B8pkvs9LNec','/api/v1/imaging/images/1','404 NOT_FOUND','pas-main','2025-03-21 01:31:15.643729','2'),(169,NULL,'com.thd2020.pasmain.controller.ImagingController','file [/home/lmj/xyx/pas/1/record123/masks/1656216_22_bladder_mask.jpg]',NULL,'127.0.0.1','INFO','getMask','GET','Body: 244, Bearer eyJhbGciOiJIUzI1NiJ9.eyJ1c2VySWQiOjIsInN1YiI6InRoZDIwMjAiLCJpYXQiOjE3NDI1MTkyMDYsImV4cCI6MTc0MjU1NTIwNn0.N0WHYKZN4vrISdRrqcP0Wwu6Kp48Lel0B8pkvs9LNec','/api/v1/imaging/masks/244','200 OK','pas-main','2025-03-21 01:31:31.758484','2'),(170,NULL,'com.thd2020.pasmain.controller.ImagingController','file [/home/lmj/xyx/pas/1/record123/masks/1656216_22_placenta_mask.jpg]',NULL,'127.0.0.1','INFO','getMask','GET','Body: 245, Bearer eyJhbGciOiJIUzI1NiJ9.eyJ1c2VySWQiOjIsInN1YiI6InRoZDIwMjAiLCJpYXQiOjE3NDI1MTkyMDYsImV4cCI6MTc0MjU1NTIwNn0.N0WHYKZN4vrISdRrqcP0Wwu6Kp48Lel0B8pkvs9LNec','/api/v1/imaging/masks/245','200 OK','pas-main','2025-03-21 01:31:31.901935','2'),(171,NULL,'com.thd2020.pasmain.controller.ImagingController','\"Cannot find image locally\"',NULL,'127.0.0.1','INFO','getImage','GET','Body: 1, Bearer eyJhbGciOiJIUzI1NiJ9.eyJ1c2VySWQiOjIsInN1YiI6InRoZDIwMjAiLCJpYXQiOjE3NDI1MTkyMDYsImV4cCI6MTc0MjU1NTIwNn0.N0WHYKZN4vrISdRrqcP0Wwu6Kp48Lel0B8pkvs9LNec','/api/v1/imaging/images/1','404 NOT_FOUND','pas-main','2025-03-21 01:31:45.732940','2'),(172,NULL,'com.thd2020.pasmain.controller.ImagingController','file [/home/lmj/xyx/pas/1/record123/masks/1656216_23_placenta_mask.jpg]',NULL,'127.0.0.1','INFO','getMask','GET','Body: 246, Bearer eyJhbGciOiJIUzI1NiJ9.eyJ1c2VySWQiOjIsInN1YiI6InRoZDIwMjAiLCJpYXQiOjE3NDI1MTkyMDYsImV4cCI6MTc0MjU1NTIwNn0.N0WHYKZN4vrISdRrqcP0Wwu6Kp48Lel0B8pkvs9LNec','/api/v1/imaging/masks/246','200 OK','pas-main','2025-03-21 01:31:56.787078','2'),(173,NULL,'com.thd2020.pasmain.controller.ImagingController','\"Cannot find image locally\"',NULL,'127.0.0.1','INFO','getImage','GET','Body: 1, Bearer eyJhbGciOiJIUzI1NiJ9.eyJ1c2VySWQiOjIsInN1YiI6InRoZDIwMjAiLCJpYXQiOjE3NDI1MTkyMDYsImV4cCI6MTc0MjU1NTIwNn0.N0WHYKZN4vrISdRrqcP0Wwu6Kp48Lel0B8pkvs9LNec','/api/v1/imaging/images/1','404 NOT_FOUND','pas-main','2025-03-21 01:37:58.383868','2'),(174,NULL,'com.thd2020.pasmain.controller.ImagingController','file [/home/lmj/xyx/pas/1/record123/masks/1656216_23_bladder_mask.jpg]',NULL,'127.0.0.1','INFO','getMask','GET','Body: 247, Bearer eyJhbGciOiJIUzI1NiJ9.eyJ1c2VySWQiOjIsInN1YiI6InRoZDIwMjAiLCJpYXQiOjE3NDI1MTkyMDYsImV4cCI6MTc0MjU1NTIwNn0.N0WHYKZN4vrISdRrqcP0Wwu6Kp48Lel0B8pkvs9LNec','/api/v1/imaging/masks/247','200 OK','pas-main','2025-03-21 01:38:12.035594','2'),(175,NULL,'com.thd2020.pasmain.controller.ImagingController','file [/home/lmj/xyx/pas/1/record123/masks/1656216_23_placenta_mask.jpg]',NULL,'127.0.0.1','INFO','getMask','GET','Body: 248, Bearer eyJhbGciOiJIUzI1NiJ9.eyJ1c2VySWQiOjIsInN1YiI6InRoZDIwMjAiLCJpYXQiOjE3NDI1MTkyMDYsImV4cCI6MTc0MjU1NTIwNn0.N0WHYKZN4vrISdRrqcP0Wwu6Kp48Lel0B8pkvs9LNec','/api/v1/imaging/masks/248','200 OK','pas-main','2025-03-21 01:38:12.188479','2'),(176,NULL,'com.thd2020.pasmain.controller.ImagingController','\"Cannot find image locally\"',NULL,'127.0.0.1','INFO','getImage','GET','Body: 1, Bearer eyJhbGciOiJIUzI1NiJ9.eyJ1c2VySWQiOjIsInN1YiI6InRoZDIwMjAiLCJpYXQiOjE3NDI1MTkyMDYsImV4cCI6MTc0MjU1NTIwNn0.N0WHYKZN4vrISdRrqcP0Wwu6Kp48Lel0B8pkvs9LNec','/api/v1/imaging/images/1','404 NOT_FOUND','pas-main','2025-03-21 01:38:49.511095','2'),(177,NULL,'com.thd2020.pasmain.controller.ImagingController','file [/home/lmj/xyx/pas/1/record123/masks/1656216_23_bladder_mask.jpg]',NULL,'127.0.0.1','INFO','getMask','GET','Body: 249, Bearer eyJhbGciOiJIUzI1NiJ9.eyJ1c2VySWQiOjIsInN1YiI6InRoZDIwMjAiLCJpYXQiOjE3NDI1MTkyMDYsImV4cCI6MTc0MjU1NTIwNn0.N0WHYKZN4vrISdRrqcP0Wwu6Kp48Lel0B8pkvs9LNec','/api/v1/imaging/masks/249','200 OK','pas-main','2025-03-21 01:39:02.109324','2'),(178,NULL,'com.thd2020.pasmain.controller.ImagingController','file [/home/lmj/xyx/pas/1/record123/masks/1656216_23_placenta_mask.jpg]',NULL,'127.0.0.1','INFO','getMask','GET','Body: 250, Bearer eyJhbGciOiJIUzI1NiJ9.eyJ1c2VySWQiOjIsInN1YiI6InRoZDIwMjAiLCJpYXQiOjE3NDI1MTkyMDYsImV4cCI6MTc0MjU1NTIwNn0.N0WHYKZN4vrISdRrqcP0Wwu6Kp48Lel0B8pkvs9LNec','/api/v1/imaging/masks/250','200 OK','pas-main','2025-03-21 01:39:02.109324','2'),(179,NULL,'com.thd2020.pasmain.controller.ImagingController','\"Cannot find image locally\"',NULL,'127.0.0.1','INFO','getImage','GET','Body: 1, Bearer eyJhbGciOiJIUzI1NiJ9.eyJ1c2VySWQiOjIsInN1YiI6InRoZDIwMjAiLCJpYXQiOjE3NDI1MTkyMDYsImV4cCI6MTc0MjU1NTIwNn0.N0WHYKZN4vrISdRrqcP0Wwu6Kp48Lel0B8pkvs9LNec','/api/v1/imaging/images/1','404 NOT_FOUND','pas-main','2025-03-21 01:41:32.485255','2'),(180,NULL,'com.thd2020.pasmain.controller.ImagingController','file [/home/lmj/xyx/pas/1/record123/masks/1656216_22_bladder_mask.jpg]',NULL,'127.0.0.1','INFO','getMask','GET','Body: 251, Bearer eyJhbGciOiJIUzI1NiJ9.eyJ1c2VySWQiOjIsInN1YiI6InRoZDIwMjAiLCJpYXQiOjE3NDI1MTkyMDYsImV4cCI6MTc0MjU1NTIwNn0.N0WHYKZN4vrISdRrqcP0Wwu6Kp48Lel0B8pkvs9LNec','/api/v1/imaging/masks/251','200 OK','pas-main','2025-03-21 01:41:48.001421','2'),(181,NULL,'com.thd2020.pasmain.controller.ImagingController','file [/home/lmj/xyx/pas/1/record123/masks/1656216_22_placenta_mask.jpg]',NULL,'127.0.0.1','INFO','getMask','GET','Body: 252, Bearer eyJhbGciOiJIUzI1NiJ9.eyJ1c2VySWQiOjIsInN1YiI6InRoZDIwMjAiLCJpYXQiOjE3NDI1MTkyMDYsImV4cCI6MTc0MjU1NTIwNn0.N0WHYKZN4vrISdRrqcP0Wwu6Kp48Lel0B8pkvs9LNec','/api/v1/imaging/masks/252','200 OK','pas-main','2025-03-21 01:41:48.001259','2'),(182,NULL,'com.thd2020.pasmain.controller.ImagingController','\"Cannot find image locally\"',NULL,'127.0.0.1','INFO','getImage','GET','Body: 1, Bearer eyJhbGciOiJIUzI1NiJ9.eyJ1c2VySWQiOjIsInN1YiI6InRoZDIwMjAiLCJpYXQiOjE3NDI1MTkyMDYsImV4cCI6MTc0MjU1NTIwNn0.N0WHYKZN4vrISdRrqcP0Wwu6Kp48Lel0B8pkvs9LNec','/api/v1/imaging/images/1','404 NOT_FOUND','pas-main','2025-03-21 01:43:21.850512','2'),(183,NULL,'com.thd2020.pasmain.controller.ImagingController','file [/home/lmj/xyx/pas/1/record123/masks/1656216_23_bladder_mask.jpg]',NULL,'127.0.0.1','INFO','getMask','GET','Body: 253, Bearer eyJhbGciOiJIUzI1NiJ9.eyJ1c2VySWQiOjIsInN1YiI6InRoZDIwMjAiLCJpYXQiOjE3NDI1MTkyMDYsImV4cCI6MTc0MjU1NTIwNn0.N0WHYKZN4vrISdRrqcP0Wwu6Kp48Lel0B8pkvs9LNec','/api/v1/imaging/masks/253','200 OK','pas-main','2025-03-21 01:43:41.047327','2'),(184,NULL,'com.thd2020.pasmain.controller.ImagingController','file [/home/lmj/xyx/pas/1/record123/masks/1656216_23_placenta_mask.jpg]',NULL,'127.0.0.1','INFO','getMask','GET','Body: 254, Bearer eyJhbGciOiJIUzI1NiJ9.eyJ1c2VySWQiOjIsInN1YiI6InRoZDIwMjAiLCJpYXQiOjE3NDI1MTkyMDYsImV4cCI6MTc0MjU1NTIwNn0.N0WHYKZN4vrISdRrqcP0Wwu6Kp48Lel0B8pkvs9LNec','/api/v1/imaging/masks/254','200 OK','pas-main','2025-03-21 01:43:41.200343','2'),(185,NULL,'com.thd2020.pasmain.controller.ImagingController','\"Cannot find image locally\"',NULL,'127.0.0.1','INFO','getImage','GET','Body: 1, Bearer eyJhbGciOiJIUzI1NiJ9.eyJ1c2VySWQiOjIsInN1YiI6InRoZDIwMjAiLCJpYXQiOjE3NDI1MTkyMDYsImV4cCI6MTc0MjU1NTIwNn0.N0WHYKZN4vrISdRrqcP0Wwu6Kp48Lel0B8pkvs9LNec','/api/v1/imaging/images/1','404 NOT_FOUND','pas-main','2025-03-21 01:45:22.755510','2'),(186,NULL,'com.thd2020.pasmain.controller.ImagingController','file [/home/lmj/xyx/pas/1/record123/masks/1656216_22_placenta_mask.jpg]',NULL,'127.0.0.1','INFO','getMask','GET','Body: 255, Bearer eyJhbGciOiJIUzI1NiJ9.eyJ1c2VySWQiOjIsInN1YiI6InRoZDIwMjAiLCJpYXQiOjE3NDI1MTkyMDYsImV4cCI6MTc0MjU1NTIwNn0.N0WHYKZN4vrISdRrqcP0Wwu6Kp48Lel0B8pkvs9LNec','/api/v1/imaging/masks/255','200 OK','pas-main','2025-03-21 01:45:35.638164','2'),(187,NULL,'com.thd2020.pasmain.controller.ImagingController','\"Cannot find image locally\"',NULL,'127.0.0.1','INFO','getImage','GET','Body: 1, Bearer eyJhbGciOiJIUzI1NiJ9.eyJ1c2VySWQiOjIsInN1YiI6InRoZDIwMjAiLCJpYXQiOjE3NDI1MTkyMDYsImV4cCI6MTc0MjU1NTIwNn0.N0WHYKZN4vrISdRrqcP0Wwu6Kp48Lel0B8pkvs9LNec','/api/v1/imaging/images/1','404 NOT_FOUND','pas-main','2025-03-21 01:49:29.278873','2'),(188,NULL,'com.thd2020.pasmain.controller.ImagingController','\"Cannot find image locally\"',NULL,'127.0.0.1','INFO','getImage','GET','Body: 1, Bearer eyJhbGciOiJIUzI1NiJ9.eyJ1c2VySWQiOjIsInN1YiI6InRoZDIwMjAiLCJpYXQiOjE3NDI1MTkyMDYsImV4cCI6MTc0MjU1NTIwNn0.N0WHYKZN4vrISdRrqcP0Wwu6Kp48Lel0B8pkvs9LNec','/api/v1/imaging/images/1','404 NOT_FOUND','pas-main','2025-03-21 01:53:01.540515','2'),(189,NULL,'com.thd2020.pasmain.controller.ImagingController','\"Cannot find image locally\"',NULL,'127.0.0.1','INFO','getImage','GET','Body: 1, Bearer eyJhbGciOiJIUzI1NiJ9.eyJ1c2VySWQiOjIsInN1YiI6InRoZDIwMjAiLCJpYXQiOjE3NDI1MTkyMDYsImV4cCI6MTc0MjU1NTIwNn0.N0WHYKZN4vrISdRrqcP0Wwu6Kp48Lel0B8pkvs9LNec','/api/v1/imaging/images/1','404 NOT_FOUND','pas-main','2025-03-21 01:53:15.185755','2'),(190,NULL,'com.thd2020.pasmain.controller.ImagingController','\"Cannot find image locally\"',NULL,'127.0.0.1','INFO','getImage','GET','Body: 1, Bearer eyJhbGciOiJIUzI1NiJ9.eyJ1c2VySWQiOjIsInN1YiI6InRoZDIwMjAiLCJpYXQiOjE3NDI1MTkyMDYsImV4cCI6MTc0MjU1NTIwNn0.N0WHYKZN4vrISdRrqcP0Wwu6Kp48Lel0B8pkvs9LNec','/api/v1/imaging/images/1','404 NOT_FOUND','pas-main','2025-03-21 01:54:41.700061','2'),(191,NULL,'com.thd2020.pasmain.controller.ImagingController','\"Cannot find image locally\"',NULL,'127.0.0.1','INFO','getImage','GET','Body: 1, Bearer eyJhbGciOiJIUzI1NiJ9.eyJ1c2VySWQiOjIsInN1YiI6InRoZDIwMjAiLCJpYXQiOjE3NDI1MTkyMDYsImV4cCI6MTc0MjU1NTIwNn0.N0WHYKZN4vrISdRrqcP0Wwu6Kp48Lel0B8pkvs9LNec','/api/v1/imaging/images/1','404 NOT_FOUND','pas-main','2025-03-21 02:04:27.051646','2'),(192,NULL,'com.thd2020.pasmain.controller.ImagingController','\"Cannot find image locally\"',NULL,'127.0.0.1','INFO','getImage','GET','Body: 1, Bearer eyJhbGciOiJIUzI1NiJ9.eyJ1c2VySWQiOjIsInN1YiI6InRoZDIwMjAiLCJpYXQiOjE3NDI1MTkyMDYsImV4cCI6MTc0MjU1NTIwNn0.N0WHYKZN4vrISdRrqcP0Wwu6Kp48Lel0B8pkvs9LNec','/api/v1/imaging/images/1','404 NOT_FOUND','pas-main','2025-03-21 02:11:53.733567','2'),(193,NULL,'com.thd2020.pasmain.controller.ImagingController','\"Cannot find image locally\"',NULL,'127.0.0.1','INFO','getImage','GET','Body: 1, Bearer eyJhbGciOiJIUzI1NiJ9.eyJ1c2VySWQiOjIsInN1YiI6InRoZDIwMjAiLCJpYXQiOjE3NDI1MTkyMDYsImV4cCI6MTc0MjU1NTIwNn0.N0WHYKZN4vrISdRrqcP0Wwu6Kp48Lel0B8pkvs9LNec','/api/v1/imaging/images/1','404 NOT_FOUND','pas-main','2025-03-21 02:12:16.600137','2'),(194,NULL,'com.thd2020.pasmain.controller.ImagingController','file [/home/lmj/xyx/pas/1/record123/masks/1656216_22_bladder_mask.jpg]',NULL,'127.0.0.1','INFO','getMask','GET','Body: 256, Bearer eyJhbGciOiJIUzI1NiJ9.eyJ1c2VySWQiOjIsInN1YiI6InRoZDIwMjAiLCJpYXQiOjE3NDI1MTkyMDYsImV4cCI6MTc0MjU1NTIwNn0.N0WHYKZN4vrISdRrqcP0Wwu6Kp48Lel0B8pkvs9LNec','/api/v1/imaging/masks/256','200 OK','pas-main','2025-03-21 02:12:30.906438','2'),(195,NULL,'com.thd2020.pasmain.controller.ImagingController','file [/home/lmj/xyx/pas/1/record123/masks/1656216_22_placenta_mask.jpg]',NULL,'127.0.0.1','INFO','getMask','GET','Body: 257, Bearer eyJhbGciOiJIUzI1NiJ9.eyJ1c2VySWQiOjIsInN1YiI6InRoZDIwMjAiLCJpYXQiOjE3NDI1MTkyMDYsImV4cCI6MTc0MjU1NTIwNn0.N0WHYKZN4vrISdRrqcP0Wwu6Kp48Lel0B8pkvs9LNec','/api/v1/imaging/masks/257','200 OK','pas-main','2025-03-21 02:12:31.005756','2'),(196,NULL,'com.thd2020.pasmain.controller.ImagingController','\"Cannot find image locally\"',NULL,'127.0.0.1','INFO','getImage','GET','Body: 1, Bearer eyJhbGciOiJIUzI1NiJ9.eyJ1c2VySWQiOjIsInN1YiI6InRoZDIwMjAiLCJpYXQiOjE3NDI1MTkyMDYsImV4cCI6MTc0MjU1NTIwNn0.N0WHYKZN4vrISdRrqcP0Wwu6Kp48Lel0B8pkvs9LNec','/api/v1/imaging/images/1','404 NOT_FOUND','pas-main','2025-03-21 02:13:34.228354','2'),(197,NULL,'com.thd2020.pasmain.controller.ImagingController','\"Cannot find image locally\"',NULL,'127.0.0.1','INFO','getImage','GET','Body: 1, Bearer eyJhbGciOiJIUzI1NiJ9.eyJ1c2VySWQiOjIsInN1YiI6InRoZDIwMjAiLCJpYXQiOjE3NDI1MTkyMDYsImV4cCI6MTc0MjU1NTIwNn0.N0WHYKZN4vrISdRrqcP0Wwu6Kp48Lel0B8pkvs9LNec','/api/v1/imaging/images/1','404 NOT_FOUND','pas-main','2025-03-21 02:13:57.873359','2'),(198,NULL,'com.thd2020.pasmain.controller.ImagingController','file [/home/lmj/xyx/pas/1/record123/masks/1656216_24_bladder_mask.jpg]',NULL,'127.0.0.1','INFO','getMask','GET','Body: 258, Bearer eyJhbGciOiJIUzI1NiJ9.eyJ1c2VySWQiOjIsInN1YiI6InRoZDIwMjAiLCJpYXQiOjE3NDI1MTkyMDYsImV4cCI6MTc0MjU1NTIwNn0.N0WHYKZN4vrISdRrqcP0Wwu6Kp48Lel0B8pkvs9LNec','/api/v1/imaging/masks/258','200 OK','pas-main','2025-03-21 02:14:16.136279','2'),(199,NULL,'com.thd2020.pasmain.controller.ImagingController','file [/home/lmj/xyx/pas/1/record123/masks/1656216_24_placenta_mask.jpg]',NULL,'127.0.0.1','INFO','getMask','GET','Body: 259, Bearer eyJhbGciOiJIUzI1NiJ9.eyJ1c2VySWQiOjIsInN1YiI6InRoZDIwMjAiLCJpYXQiOjE3NDI1MTkyMDYsImV4cCI6MTc0MjU1NTIwNn0.N0WHYKZN4vrISdRrqcP0Wwu6Kp48Lel0B8pkvs9LNec','/api/v1/imaging/masks/259','200 OK','pas-main','2025-03-21 02:14:16.273997','2'),(200,NULL,'com.thd2020.pasmain.controller.ImagingController','\"Cannot find image locally\"',NULL,'127.0.0.1','INFO','getImage','GET','Body: 1, Bearer eyJhbGciOiJIUzI1NiJ9.eyJ1c2VySWQiOjIsInN1YiI6InRoZDIwMjAiLCJpYXQiOjE3NDI1MTkyMDYsImV4cCI6MTc0MjU1NTIwNn0.N0WHYKZN4vrISdRrqcP0Wwu6Kp48Lel0B8pkvs9LNec','/api/v1/imaging/images/1','404 NOT_FOUND','pas-main','2025-03-21 02:16:03.201410','2'),(201,NULL,'com.thd2020.pasmain.controller.ImagingController','file [/home/lmj/xyx/pas/1/record123/masks/1715362_22_bladder_mask.jpg]',NULL,'127.0.0.1','INFO','getMask','GET','Body: 260, Bearer eyJhbGciOiJIUzI1NiJ9.eyJ1c2VySWQiOjIsInN1YiI6InRoZDIwMjAiLCJpYXQiOjE3NDI1MTkyMDYsImV4cCI6MTc0MjU1NTIwNn0.N0WHYKZN4vrISdRrqcP0Wwu6Kp48Lel0B8pkvs9LNec','/api/v1/imaging/masks/260','200 OK','pas-main','2025-03-21 02:16:18.850462','2'),(202,NULL,'com.thd2020.pasmain.controller.ImagingController','file [/home/lmj/xyx/pas/1/record123/masks/1715362_22_placenta_mask.jpg]',NULL,'127.0.0.1','INFO','getMask','GET','Body: 261, Bearer eyJhbGciOiJIUzI1NiJ9.eyJ1c2VySWQiOjIsInN1YiI6InRoZDIwMjAiLCJpYXQiOjE3NDI1MTkyMDYsImV4cCI6MTc0MjU1NTIwNn0.N0WHYKZN4vrISdRrqcP0Wwu6Kp48Lel0B8pkvs9LNec','/api/v1/imaging/masks/261','200 OK','pas-main','2025-03-21 02:16:19.012156','2'),(203,NULL,'com.thd2020.pasmain.controller.ImagingController','\"Cannot find image locally\"',NULL,'127.0.0.1','INFO','getImage','GET','Body: 1, Bearer eyJhbGciOiJIUzI1NiJ9.eyJ1c2VySWQiOjIsInN1YiI6InRoZDIwMjAiLCJpYXQiOjE3NDI1MTkyMDYsImV4cCI6MTc0MjU1NTIwNn0.N0WHYKZN4vrISdRrqcP0Wwu6Kp48Lel0B8pkvs9LNec','/api/v1/imaging/images/1','404 NOT_FOUND','pas-main','2025-03-21 02:16:39.752009','2'),(204,NULL,'com.thd2020.pasmain.controller.ImagingController','file [/home/lmj/xyx/pas/1/record123/masks/1656216_23_bladder_mask.jpg]',NULL,'127.0.0.1','INFO','getMask','GET','Body: 262, Bearer eyJhbGciOiJIUzI1NiJ9.eyJ1c2VySWQiOjIsInN1YiI6InRoZDIwMjAiLCJpYXQiOjE3NDI1MTkyMDYsImV4cCI6MTc0MjU1NTIwNn0.N0WHYKZN4vrISdRrqcP0Wwu6Kp48Lel0B8pkvs9LNec','/api/v1/imaging/masks/262','200 OK','pas-main','2025-03-21 02:16:53.717619','2'),(205,NULL,'com.thd2020.pasmain.controller.ImagingController','file [/home/lmj/xyx/pas/1/record123/masks/1656216_23_placenta_mask.jpg]',NULL,'127.0.0.1','INFO','getMask','GET','Body: 263, Bearer eyJhbGciOiJIUzI1NiJ9.eyJ1c2VySWQiOjIsInN1YiI6InRoZDIwMjAiLCJpYXQiOjE3NDI1MTkyMDYsImV4cCI6MTc0MjU1NTIwNn0.N0WHYKZN4vrISdRrqcP0Wwu6Kp48Lel0B8pkvs9LNec','/api/v1/imaging/masks/263','200 OK','pas-main','2025-03-21 02:16:53.718009','2'),(206,NULL,'com.thd2020.pasmain.controller.ImagingController','file [/home/lmj/xyx/pas/1/record123/masks/1656216_23_bladder_mask.jpg]',NULL,'127.0.0.1','INFO','getMask','GET','Body: 264, Bearer eyJhbGciOiJIUzI1NiJ9.eyJ1c2VySWQiOjIsInN1YiI6InRoZDIwMjAiLCJpYXQiOjE3NDI1MTkyMDYsImV4cCI6MTc0MjU1NTIwNn0.N0WHYKZN4vrISdRrqcP0Wwu6Kp48Lel0B8pkvs9LNec','/api/v1/imaging/masks/264','200 OK','pas-main','2025-03-21 02:17:36.579167','2'),(207,NULL,'com.thd2020.pasmain.controller.ImagingController','file [/home/lmj/xyx/pas/1/record123/masks/1656216_23_placenta_mask.jpg]',NULL,'127.0.0.1','INFO','getMask','GET','Body: 265, Bearer eyJhbGciOiJIUzI1NiJ9.eyJ1c2VySWQiOjIsInN1YiI6InRoZDIwMjAiLCJpYXQiOjE3NDI1MTkyMDYsImV4cCI6MTc0MjU1NTIwNn0.N0WHYKZN4vrISdRrqcP0Wwu6Kp48Lel0B8pkvs9LNec','/api/v1/imaging/masks/265','200 OK','pas-main','2025-03-21 02:17:36.579167','2'),(208,NULL,'com.thd2020.pasmain.controller.ImagingController','file [/home/lmj/xyx/pas/1/record123/masks/1656216_23_bladder_mask.jpg]',NULL,'127.0.0.1','INFO','getMask','GET','Body: 266, Bearer eyJhbGciOiJIUzI1NiJ9.eyJ1c2VySWQiOjIsInN1YiI6InRoZDIwMjAiLCJpYXQiOjE3NDI1MTkyMDYsImV4cCI6MTc0MjU1NTIwNn0.N0WHYKZN4vrISdRrqcP0Wwu6Kp48Lel0B8pkvs9LNec','/api/v1/imaging/masks/266','200 OK','pas-main','2025-03-21 02:17:53.774984','2'),(209,NULL,'com.thd2020.pasmain.controller.ImagingController','file [/home/lmj/xyx/pas/1/record123/masks/1656216_23_placenta_mask.jpg]',NULL,'127.0.0.1','INFO','getMask','GET','Body: 267, Bearer eyJhbGciOiJIUzI1NiJ9.eyJ1c2VySWQiOjIsInN1YiI6InRoZDIwMjAiLCJpYXQiOjE3NDI1MTkyMDYsImV4cCI6MTc0MjU1NTIwNn0.N0WHYKZN4vrISdRrqcP0Wwu6Kp48Lel0B8pkvs9LNec','/api/v1/imaging/masks/267','200 OK','pas-main','2025-03-21 02:17:53.774996','2'),(210,NULL,'com.thd2020.pasmain.controller.ImagingController','file [/home/lmj/xyx/pas/1/record123/masks/1656216_23_bladder_mask.jpg]',NULL,'127.0.0.1','INFO','getMask','GET','Body: 268, Bearer eyJhbGciOiJIUzI1NiJ9.eyJ1c2VySWQiOjIsInN1YiI6InRoZDIwMjAiLCJpYXQiOjE3NDI1MTkyMDYsImV4cCI6MTc0MjU1NTIwNn0.N0WHYKZN4vrISdRrqcP0Wwu6Kp48Lel0B8pkvs9LNec','/api/v1/imaging/masks/268','200 OK','pas-main','2025-03-21 02:18:12.214729','2'),(211,NULL,'com.thd2020.pasmain.controller.ImagingController','file [/home/lmj/xyx/pas/1/record123/masks/1656216_23_placenta_mask.jpg]',NULL,'127.0.0.1','INFO','getMask','GET','Body: 269, Bearer eyJhbGciOiJIUzI1NiJ9.eyJ1c2VySWQiOjIsInN1YiI6InRoZDIwMjAiLCJpYXQiOjE3NDI1MTkyMDYsImV4cCI6MTc0MjU1NTIwNn0.N0WHYKZN4vrISdRrqcP0Wwu6Kp48Lel0B8pkvs9LNec','/api/v1/imaging/masks/269','200 OK','pas-main','2025-03-21 02:18:12.216134','2'),(212,NULL,'com.thd2020.pasmain.controller.ImagingController','\"Cannot find image locally\"',NULL,'127.0.0.1','INFO','getImage','GET','Body: 1, Bearer eyJhbGciOiJIUzI1NiJ9.eyJ1c2VySWQiOjIsInN1YiI6InRoZDIwMjAiLCJpYXQiOjE3NDI1MTkyMDYsImV4cCI6MTc0MjU1NTIwNn0.N0WHYKZN4vrISdRrqcP0Wwu6Kp48Lel0B8pkvs9LNec','/api/v1/imaging/images/1','404 NOT_FOUND','pas-main','2025-03-21 02:18:30.038134','2'),(213,NULL,'com.thd2020.pasmain.controller.ImagingController','\"Cannot find image locally\"',NULL,'127.0.0.1','INFO','getImage','GET','Body: 1, Bearer eyJhbGciOiJIUzI1NiJ9.eyJ1c2VySWQiOjIsInN1YiI6InRoZDIwMjAiLCJpYXQiOjE3NDI1MTkyMDYsImV4cCI6MTc0MjU1NTIwNn0.N0WHYKZN4vrISdRrqcP0Wwu6Kp48Lel0B8pkvs9LNec','/api/v1/imaging/images/1','404 NOT_FOUND','pas-main','2025-03-21 02:18:51.864978','2'),(214,NULL,'com.thd2020.pasmain.controller.ImagingController','file [/home/lmj/xyx/pas/1/record123/masks/1656216_23_bladder_mask.jpg]',NULL,'127.0.0.1','INFO','getMask','GET','Body: 270, Bearer eyJhbGciOiJIUzI1NiJ9.eyJ1c2VySWQiOjIsInN1YiI6InRoZDIwMjAiLCJpYXQiOjE3NDI1MTkyMDYsImV4cCI6MTc0MjU1NTIwNn0.N0WHYKZN4vrISdRrqcP0Wwu6Kp48Lel0B8pkvs9LNec','/api/v1/imaging/masks/270','200 OK','pas-main','2025-03-21 02:19:04.739644','2'),(215,NULL,'com.thd2020.pasmain.controller.ImagingController','file [/home/lmj/xyx/pas/1/record123/masks/1656216_23_placenta_mask.jpg]',NULL,'127.0.0.1','INFO','getMask','GET','Body: 271, Bearer eyJhbGciOiJIUzI1NiJ9.eyJ1c2VySWQiOjIsInN1YiI6InRoZDIwMjAiLCJpYXQiOjE3NDI1MTkyMDYsImV4cCI6MTc0MjU1NTIwNn0.N0WHYKZN4vrISdRrqcP0Wwu6Kp48Lel0B8pkvs9LNec','/api/v1/imaging/masks/271','200 OK','pas-main','2025-03-21 02:19:04.741112','2'),(216,NULL,'com.thd2020.pasmain.controller.ImagingController','file [/home/lmj/xyx/pas/1/record123/masks/1656216_23_bladder_mask.jpg]',NULL,'127.0.0.1','INFO','getMask','GET','Body: 272, Bearer eyJhbGciOiJIUzI1NiJ9.eyJ1c2VySWQiOjIsInN1YiI6InRoZDIwMjAiLCJpYXQiOjE3NDI1MTkyMDYsImV4cCI6MTc0MjU1NTIwNn0.N0WHYKZN4vrISdRrqcP0Wwu6Kp48Lel0B8pkvs9LNec','/api/v1/imaging/masks/272','200 OK','pas-main','2025-03-21 02:21:00.556253','2'),(217,NULL,'com.thd2020.pasmain.controller.ImagingController','file [/home/lmj/xyx/pas/1/record123/masks/1656216_23_placenta_mask.jpg]',NULL,'127.0.0.1','INFO','getMask','GET','Body: 273, Bearer eyJhbGciOiJIUzI1NiJ9.eyJ1c2VySWQiOjIsInN1YiI6InRoZDIwMjAiLCJpYXQiOjE3NDI1MTkyMDYsImV4cCI6MTc0MjU1NTIwNn0.N0WHYKZN4vrISdRrqcP0Wwu6Kp48Lel0B8pkvs9LNec','/api/v1/imaging/masks/273','200 OK','pas-main','2025-03-21 02:21:00.706160','2'),(218,NULL,'com.thd2020.pasmain.controller.ImagingController','\"Cannot find image locally\"',NULL,'127.0.0.1','INFO','getImage','GET','Body: 1, Bearer eyJhbGciOiJIUzI1NiJ9.eyJ1c2VySWQiOjIsInN1YiI6InRoZDIwMjAiLCJpYXQiOjE3NDI1MTkyMDYsImV4cCI6MTc0MjU1NTIwNn0.N0WHYKZN4vrISdRrqcP0Wwu6Kp48Lel0B8pkvs9LNec','/api/v1/imaging/images/1','404 NOT_FOUND','pas-main','2025-03-21 02:21:23.459470','2'),(219,NULL,'com.thd2020.pasmain.controller.ImagingController','file [/home/lmj/xyx/pas/1/record123/masks/1656216_23_placenta_mask.jpg]',NULL,'127.0.0.1','INFO','getMask','GET','Body: 275, Bearer eyJhbGciOiJIUzI1NiJ9.eyJ1c2VySWQiOjIsInN1YiI6InRoZDIwMjAiLCJpYXQiOjE3NDI1MTkyMDYsImV4cCI6MTc0MjU1NTIwNn0.N0WHYKZN4vrISdRrqcP0Wwu6Kp48Lel0B8pkvs9LNec','/api/v1/imaging/masks/275','200 OK','pas-main','2025-03-21 02:21:37.874731','2'),(220,NULL,'com.thd2020.pasmain.controller.ImagingController','file [/home/lmj/xyx/pas/1/record123/masks/1656216_23_bladder_mask.jpg]',NULL,'127.0.0.1','INFO','getMask','GET','Body: 274, Bearer eyJhbGciOiJIUzI1NiJ9.eyJ1c2VySWQiOjIsInN1YiI6InRoZDIwMjAiLCJpYXQiOjE3NDI1MTkyMDYsImV4cCI6MTc0MjU1NTIwNn0.N0WHYKZN4vrISdRrqcP0Wwu6Kp48Lel0B8pkvs9LNec','/api/v1/imaging/masks/274','200 OK','pas-main','2025-03-21 02:21:37.874731','2'),(221,NULL,'com.thd2020.pasmain.controller.ImagingController','\"Cannot find image locally\"',NULL,'127.0.0.1','INFO','getImage','GET','Body: 1, Bearer eyJhbGciOiJIUzI1NiJ9.eyJ1c2VySWQiOjIsInN1YiI6InRoZDIwMjAiLCJpYXQiOjE3NDI1MTkyMDYsImV4cCI6MTc0MjU1NTIwNn0.N0WHYKZN4vrISdRrqcP0Wwu6Kp48Lel0B8pkvs9LNec','/api/v1/imaging/images/1','404 NOT_FOUND','pas-main','2025-03-21 02:22:06.556886','2'),(222,NULL,'com.thd2020.pasmain.controller.ImagingController','file [/home/lmj/xyx/pas/1/record123/masks/1656216_22_bladder_mask.jpg]',NULL,'127.0.0.1','INFO','getMask','GET','Body: 276, Bearer eyJhbGciOiJIUzI1NiJ9.eyJ1c2VySWQiOjIsInN1YiI6InRoZDIwMjAiLCJpYXQiOjE3NDI1MTkyMDYsImV4cCI6MTc0MjU1NTIwNn0.N0WHYKZN4vrISdRrqcP0Wwu6Kp48Lel0B8pkvs9LNec','/api/v1/imaging/masks/276','200 OK','pas-main','2025-03-21 02:22:33.477929','2'),(223,NULL,'com.thd2020.pasmain.controller.ImagingController','file [/home/lmj/xyx/pas/1/record123/masks/1656216_22_placenta_mask.jpg]',NULL,'127.0.0.1','INFO','getMask','GET','Body: 277, Bearer eyJhbGciOiJIUzI1NiJ9.eyJ1c2VySWQiOjIsInN1YiI6InRoZDIwMjAiLCJpYXQiOjE3NDI1MTkyMDYsImV4cCI6MTc0MjU1NTIwNn0.N0WHYKZN4vrISdRrqcP0Wwu6Kp48Lel0B8pkvs9LNec','/api/v1/imaging/masks/277','200 OK','pas-main','2025-03-21 02:22:33.477929','2'),(224,NULL,'com.thd2020.pasmain.controller.ResourceController','file [/home/lmj/xyx/pas/uploads/1e3c7801-b4f9-46fd-b371-bd8a89be5ea4.file]',NULL,'127.0.0.1','INFO','downloadResource','GET','Body: 2','/api/v1/resources/2/download','200 OK','pas-main','2025-03-21 02:32:55.528722','anonymous'),(225,NULL,'com.thd2020.pasmain.controller.ResourceController','{\"id\":2,\"title\":null,\"description\":\"223223\",\"resourceType\":\"image\",\"category\":\"fun\",\"fileUrl\":null,\"mimeType\":\"image/jpeg\"}',NULL,'127.0.0.1','INFO','getResourceMetadata','GET','Body: 2','/api/v1/resources/2/metadata','200 OK','pas-main','2025-03-21 02:34:18.853199','anonymous'),(226,NULL,'com.thd2020.pasmain.controller.UserController','Status: success, Message: Login successful, Data: com.thd2020.pasmain.dto.JwtResponse@5540ce53',NULL,'127.0.0.1','INFO','loginUser','POST','Body: com.thd2020.pasmain.dto.AuthenticationRequest@1bffdc54','/api/v1/users/login','success','pas-main','2025-03-21 02:36:25.040074','anonymous'),(227,NULL,'com.thd2020.pasmain.controller.UserController','Status: success, Message: Login successful, Data: com.thd2020.pasmain.dto.JwtResponse@210a4b66',NULL,'127.0.0.1','INFO','loginUser','POST','Body: com.thd2020.pasmain.dto.AuthenticationRequest@60c1d7f4','/api/v1/users/login','success','pas-main','2025-03-21 02:55:54.827814','anonymous'),(228,NULL,'com.thd2020.pasmain.controller.UserController','Status: success, Message: Login successful, Data: com.thd2020.pasmain.dto.JwtResponse@66d680c8',NULL,'127.0.0.1','INFO','loginUser','POST','Body: com.thd2020.pasmain.dto.AuthenticationRequest@317ad6ea','/api/v1/users/login','success','pas-main','2025-03-21 02:59:30.037376','anonymous'),(229,NULL,'com.thd2020.pasmain.controller.ImagingController','\"Cannot find image locally\"',NULL,'127.0.0.1','INFO','getImage','GET','Body: 1, Bearer eyJhbGciOiJIUzI1NiJ9.eyJ1c2VySWQiOjIsInN1YiI6InRoZDIwMjAiLCJpYXQiOjE3NDI1MjU5NzAsImV4cCI6MTc0MjU2MTk3MH0.MxiszhSIMY5_l9PHVm4dHUAIZrEUpCxcHzn-_kPB54Y','/api/v1/imaging/images/1','404 NOT_FOUND','pas-main','2025-03-21 02:59:32.400706','2'),(230,NULL,'com.thd2020.pasmain.controller.ImagingController','file [/home/lmj/xyx/pas/1/record123/masks/1656216_20_bladder_mask.jpg]',NULL,'127.0.0.1','INFO','getMask','GET','Body: 282, Bearer eyJhbGciOiJIUzI1NiJ9.eyJ1c2VySWQiOjIsInN1YiI6InRoZDIwMjAiLCJpYXQiOjE3NDI1MjU5NzAsImV4cCI6MTc0MjU2MTk3MH0.MxiszhSIMY5_l9PHVm4dHUAIZrEUpCxcHzn-_kPB54Y','/api/v1/imaging/masks/282','200 OK','pas-main','2025-03-21 02:59:49.440940','2'),(231,NULL,'com.thd2020.pasmain.controller.ImagingController','file [/home/lmj/xyx/pas/1/record123/masks/1656216_20_placenta_mask.jpg]',NULL,'127.0.0.1','INFO','getMask','GET','Body: 283, Bearer eyJhbGciOiJIUzI1NiJ9.eyJ1c2VySWQiOjIsInN1YiI6InRoZDIwMjAiLCJpYXQiOjE3NDI1MjU5NzAsImV4cCI6MTc0MjU2MTk3MH0.MxiszhSIMY5_l9PHVm4dHUAIZrEUpCxcHzn-_kPB54Y','/api/v1/imaging/masks/283','200 OK','pas-main','2025-03-21 02:59:49.490246','2'),(232,NULL,'com.thd2020.pasmain.controller.ImagingController','file [/home/lmj/xyx/pas/1/record123/masks/1656216_20_placenta accreta_mask.jpg]',NULL,'127.0.0.1','INFO','getMask','GET','Body: 285, Bearer eyJhbGciOiJIUzI1NiJ9.eyJ1c2VySWQiOjIsInN1YiI6InRoZDIwMjAiLCJpYXQiOjE3NDI1MjU5NzAsImV4cCI6MTc0MjU2MTk3MH0.MxiszhSIMY5_l9PHVm4dHUAIZrEUpCxcHzn-_kPB54Y','/api/v1/imaging/masks/285','200 OK','pas-main','2025-03-21 03:00:00.650636','2'),(233,NULL,'com.thd2020.pasmain.controller.ImagingController','file [/home/lmj/xyx/pas/1/record123/masks/1656216_20_bladder_mask.jpg]',NULL,'127.0.0.1','INFO','getMask','GET','Body: 286, Bearer eyJhbGciOiJIUzI1NiJ9.eyJ1c2VySWQiOjIsInN1YiI6InRoZDIwMjAiLCJpYXQiOjE3NDI1MjU5NzAsImV4cCI6MTc0MjU2MTk3MH0.MxiszhSIMY5_l9PHVm4dHUAIZrEUpCxcHzn-_kPB54Y','/api/v1/imaging/masks/286','200 OK','pas-main','2025-03-21 03:00:00.655193','2'),(234,NULL,'com.thd2020.pasmain.controller.ImagingController','file [/home/lmj/xyx/pas/1/record123/masks/1656216_20_myometrium_mask.jpg]',NULL,'127.0.0.1','INFO','getMask','GET','Body: 284, Bearer eyJhbGciOiJIUzI1NiJ9.eyJ1c2VySWQiOjIsInN1YiI6InRoZDIwMjAiLCJpYXQiOjE3NDI1MjU5NzAsImV4cCI6MTc0MjU2MTk3MH0.MxiszhSIMY5_l9PHVm4dHUAIZrEUpCxcHzn-_kPB54Y','/api/v1/imaging/masks/284','200 OK','pas-main','2025-03-21 03:00:00.952852','2'),(235,NULL,'com.thd2020.pasmain.controller.ImagingController','file [/home/lmj/xyx/pas/1/record123/masks/1656216_20_placenta_mask.jpg]',NULL,'127.0.0.1','INFO','getMask','GET','Body: 287, Bearer eyJhbGciOiJIUzI1NiJ9.eyJ1c2VySWQiOjIsInN1YiI6InRoZDIwMjAiLCJpYXQiOjE3NDI1MjU5NzAsImV4cCI6MTc0MjU2MTk3MH0.MxiszhSIMY5_l9PHVm4dHUAIZrEUpCxcHzn-_kPB54Y','/api/v1/imaging/masks/287','200 OK','pas-main','2025-03-21 03:00:00.952847','2'),(236,NULL,'com.thd2020.pasmain.controller.ImagingController','\"Cannot find image locally\"',NULL,'127.0.0.1','INFO','getImage','GET','Body: 1, Bearer eyJhbGciOiJIUzI1NiJ9.eyJ1c2VySWQiOjIsInN1YiI6InRoZDIwMjAiLCJpYXQiOjE3NDI1MjU5NzAsImV4cCI6MTc0MjU2MTk3MH0.MxiszhSIMY5_l9PHVm4dHUAIZrEUpCxcHzn-_kPB54Y','/api/v1/imaging/images/1','404 NOT_FOUND','pas-main','2025-03-21 03:01:51.504927','2'),(237,NULL,'com.thd2020.pasmain.controller.ImagingController','file [/home/lmj/xyx/pas/1/record123/masks/1656216_21_myometrium_mask.jpg]',NULL,'127.0.0.1','INFO','getMask','GET','Body: 288, Bearer eyJhbGciOiJIUzI1NiJ9.eyJ1c2VySWQiOjIsInN1YiI6InRoZDIwMjAiLCJpYXQiOjE3NDI1MjU5NzAsImV4cCI6MTc0MjU2MTk3MH0.MxiszhSIMY5_l9PHVm4dHUAIZrEUpCxcHzn-_kPB54Y','/api/v1/imaging/masks/288','200 OK','pas-main','2025-03-21 03:02:07.247147','2'),(238,NULL,'com.thd2020.pasmain.controller.ImagingController','file [/home/lmj/xyx/pas/1/record123/masks/1656216_21_placenta accreta_mask.jpg]',NULL,'127.0.0.1','INFO','getMask','GET','Body: 289, Bearer eyJhbGciOiJIUzI1NiJ9.eyJ1c2VySWQiOjIsInN1YiI6InRoZDIwMjAiLCJpYXQiOjE3NDI1MjU5NzAsImV4cCI6MTc0MjU2MTk3MH0.MxiszhSIMY5_l9PHVm4dHUAIZrEUpCxcHzn-_kPB54Y','/api/v1/imaging/masks/289','200 OK','pas-main','2025-03-21 03:02:07.348647','2'),(239,NULL,'com.thd2020.pasmain.controller.ImagingController','file [/home/lmj/xyx/pas/1/record123/masks/1656216_21_bladder_mask.jpg]',NULL,'127.0.0.1','INFO','getMask','GET','Body: 290, Bearer eyJhbGciOiJIUzI1NiJ9.eyJ1c2VySWQiOjIsInN1YiI6InRoZDIwMjAiLCJpYXQiOjE3NDI1MjU5NzAsImV4cCI6MTc0MjU2MTk3MH0.MxiszhSIMY5_l9PHVm4dHUAIZrEUpCxcHzn-_kPB54Y','/api/v1/imaging/masks/290','200 OK','pas-main','2025-03-21 03:02:07.439671','2'),(240,NULL,'com.thd2020.pasmain.controller.ImagingController','file [/home/lmj/xyx/pas/1/record123/masks/1656216_21_placenta_mask.jpg]',NULL,'127.0.0.1','INFO','getMask','GET','Body: 291, Bearer eyJhbGciOiJIUzI1NiJ9.eyJ1c2VySWQiOjIsInN1YiI6InRoZDIwMjAiLCJpYXQiOjE3NDI1MjU5NzAsImV4cCI6MTc0MjU2MTk3MH0.MxiszhSIMY5_l9PHVm4dHUAIZrEUpCxcHzn-_kPB54Y','/api/v1/imaging/masks/291','200 OK','pas-main','2025-03-21 03:02:07.493306','2'),(241,NULL,'com.thd2020.pasmain.controller.ImagingController','file [/home/lmj/xyx/pas/1/record123/masks/1656216_21_myometrium_mask.jpg]',NULL,'127.0.0.1','INFO','getMask','GET','Body: 292, Bearer eyJhbGciOiJIUzI1NiJ9.eyJ1c2VySWQiOjIsInN1YiI6InRoZDIwMjAiLCJpYXQiOjE3NDI1MjU5NzAsImV4cCI6MTc0MjU2MTk3MH0.MxiszhSIMY5_l9PHVm4dHUAIZrEUpCxcHzn-_kPB54Y','/api/v1/imaging/masks/292','200 OK','pas-main','2025-03-21 03:03:08.445565','2'),(242,NULL,'com.thd2020.pasmain.controller.ImagingController','file [/home/lmj/xyx/pas/1/record123/masks/1656216_21_placenta accreta_mask.jpg]',NULL,'127.0.0.1','INFO','getMask','GET','Body: 293, Bearer eyJhbGciOiJIUzI1NiJ9.eyJ1c2VySWQiOjIsInN1YiI6InRoZDIwMjAiLCJpYXQiOjE3NDI1MjU5NzAsImV4cCI6MTc0MjU2MTk3MH0.MxiszhSIMY5_l9PHVm4dHUAIZrEUpCxcHzn-_kPB54Y','/api/v1/imaging/masks/293','200 OK','pas-main','2025-03-21 03:03:08.722041','2'),(243,NULL,'com.thd2020.pasmain.controller.ImagingController','file [/home/lmj/xyx/pas/1/record123/masks/1656216_21_bladder_mask.jpg]',NULL,'127.0.0.1','INFO','getMask','GET','Body: 294, Bearer eyJhbGciOiJIUzI1NiJ9.eyJ1c2VySWQiOjIsInN1YiI6InRoZDIwMjAiLCJpYXQiOjE3NDI1MjU5NzAsImV4cCI6MTc0MjU2MTk3MH0.MxiszhSIMY5_l9PHVm4dHUAIZrEUpCxcHzn-_kPB54Y','/api/v1/imaging/masks/294','200 OK','pas-main','2025-03-21 03:03:08.722561','2'),(244,NULL,'com.thd2020.pasmain.controller.ImagingController','file [/home/lmj/xyx/pas/1/record123/masks/1656216_21_placenta_mask.jpg]',NULL,'127.0.0.1','INFO','getMask','GET','Body: 295, Bearer eyJhbGciOiJIUzI1NiJ9.eyJ1c2VySWQiOjIsInN1YiI6InRoZDIwMjAiLCJpYXQiOjE3NDI1MjU5NzAsImV4cCI6MTc0MjU2MTk3MH0.MxiszhSIMY5_l9PHVm4dHUAIZrEUpCxcHzn-_kPB54Y','/api/v1/imaging/masks/295','200 OK','pas-main','2025-03-21 03:03:08.771841','2'),(245,NULL,'com.thd2020.pasmain.controller.ImagingController','\"Cannot find image locally\"',NULL,'127.0.0.1','INFO','getImage','GET','Body: 1, Bearer eyJhbGciOiJIUzI1NiJ9.eyJ1c2VySWQiOjIsInN1YiI6InRoZDIwMjAiLCJpYXQiOjE3NDI1MjU5NzAsImV4cCI6MTc0MjU2MTk3MH0.MxiszhSIMY5_l9PHVm4dHUAIZrEUpCxcHzn-_kPB54Y','/api/v1/imaging/images/1','404 NOT_FOUND','pas-main','2025-03-21 03:03:54.591470','2'),(246,NULL,'com.thd2020.pasmain.controller.ImagingController','file [/home/lmj/xyx/pas/1/record123/masks/1656216_20_placenta accreta_mask.jpg]',NULL,'127.0.0.1','INFO','getMask','GET','Body: 297, Bearer eyJhbGciOiJIUzI1NiJ9.eyJ1c2VySWQiOjIsInN1YiI6InRoZDIwMjAiLCJpYXQiOjE3NDI1MjU5NzAsImV4cCI6MTc0MjU2MTk3MH0.MxiszhSIMY5_l9PHVm4dHUAIZrEUpCxcHzn-_kPB54Y','/api/v1/imaging/masks/297','200 OK','pas-main','2025-03-21 03:04:09.446681','2'),(247,NULL,'com.thd2020.pasmain.controller.ImagingController','file [/home/lmj/xyx/pas/1/record123/masks/1656216_20_bladder_mask.jpg]',NULL,'127.0.0.1','INFO','getMask','GET','Body: 298, Bearer eyJhbGciOiJIUzI1NiJ9.eyJ1c2VySWQiOjIsInN1YiI6InRoZDIwMjAiLCJpYXQiOjE3NDI1MjU5NzAsImV4cCI6MTc0MjU2MTk3MH0.MxiszhSIMY5_l9PHVm4dHUAIZrEUpCxcHzn-_kPB54Y','/api/v1/imaging/masks/298','200 OK','pas-main','2025-03-21 03:04:09.447130','2'),(248,NULL,'com.thd2020.pasmain.controller.ImagingController','file [/home/lmj/xyx/pas/1/record123/masks/1656216_20_myometrium_mask.jpg]',NULL,'127.0.0.1','INFO','getMask','GET','Body: 296, Bearer eyJhbGciOiJIUzI1NiJ9.eyJ1c2VySWQiOjIsInN1YiI6InRoZDIwMjAiLCJpYXQiOjE3NDI1MjU5NzAsImV4cCI6MTc0MjU2MTk3MH0.MxiszhSIMY5_l9PHVm4dHUAIZrEUpCxcHzn-_kPB54Y','/api/v1/imaging/masks/296','200 OK','pas-main','2025-03-21 03:04:09.454039','2'),(249,NULL,'com.thd2020.pasmain.controller.ImagingController','file [/home/lmj/xyx/pas/1/record123/masks/1656216_20_placenta_mask.jpg]',NULL,'127.0.0.1','INFO','getMask','GET','Body: 299, Bearer eyJhbGciOiJIUzI1NiJ9.eyJ1c2VySWQiOjIsInN1YiI6InRoZDIwMjAiLCJpYXQiOjE3NDI1MjU5NzAsImV4cCI6MTc0MjU2MTk3MH0.MxiszhSIMY5_l9PHVm4dHUAIZrEUpCxcHzn-_kPB54Y','/api/v1/imaging/masks/299','200 OK','pas-main','2025-03-21 03:04:09.701706','2'),(250,NULL,'com.thd2020.pasmain.controller.ImagingController','\"Cannot find image locally\"',NULL,'127.0.0.1','INFO','getImage','GET','Body: 1, Bearer eyJhbGciOiJIUzI1NiJ9.eyJ1c2VySWQiOjIsInN1YiI6InRoZDIwMjAiLCJpYXQiOjE3NDI1MjU5NzAsImV4cCI6MTc0MjU2MTk3MH0.MxiszhSIMY5_l9PHVm4dHUAIZrEUpCxcHzn-_kPB54Y','/api/v1/imaging/images/1','404 NOT_FOUND','pas-main','2025-03-21 03:11:56.988570','2'),(251,NULL,'com.thd2020.pasmain.controller.ImagingController','file [/home/lmj/xyx/pas/1/record123/masks/1656216_20_placenta_mask.jpg]',NULL,'127.0.0.1','INFO','getMask','GET','Body: 300, Bearer eyJhbGciOiJIUzI1NiJ9.eyJ1c2VySWQiOjIsInN1YiI6InRoZDIwMjAiLCJpYXQiOjE3NDI1MjU5NzAsImV4cCI6MTc0MjU2MTk3MH0.MxiszhSIMY5_l9PHVm4dHUAIZrEUpCxcHzn-_kPB54Y','/api/v1/imaging/masks/300','200 OK','pas-main','2025-03-21 03:12:14.831014','2'),(252,NULL,'com.thd2020.pasmain.controller.ImagingController','file [/home/lmj/xyx/pas/1/record123/masks/1656216_20_bladder_mask.jpg]',NULL,'127.0.0.1','INFO','getMask','GET','Body: 301, Bearer eyJhbGciOiJIUzI1NiJ9.eyJ1c2VySWQiOjIsInN1YiI6InRoZDIwMjAiLCJpYXQiOjE3NDI1MjU5NzAsImV4cCI6MTc0MjU2MTk3MH0.MxiszhSIMY5_l9PHVm4dHUAIZrEUpCxcHzn-_kPB54Y','/api/v1/imaging/masks/301','200 OK','pas-main','2025-03-21 03:12:29.964596','2'),(253,NULL,'com.thd2020.pasmain.controller.ImagingController','file [/home/lmj/xyx/pas/1/record123/masks/1656216_20_placenta_mask.jpg]',NULL,'127.0.0.1','INFO','getMask','GET','Body: 302, Bearer eyJhbGciOiJIUzI1NiJ9.eyJ1c2VySWQiOjIsInN1YiI6InRoZDIwMjAiLCJpYXQiOjE3NDI1MjU5NzAsImV4cCI6MTc0MjU2MTk3MH0.MxiszhSIMY5_l9PHVm4dHUAIZrEUpCxcHzn-_kPB54Y','/api/v1/imaging/masks/302','200 OK','pas-main','2025-03-21 03:12:30.008048','2'),(254,NULL,'com.thd2020.pasmain.controller.ImagingController','file [/home/lmj/xyx/pas/1/record123/masks/1656216_20_bladder_mask.jpg]',NULL,'127.0.0.1','INFO','getMask','GET','Body: 303, Bearer eyJhbGciOiJIUzI1NiJ9.eyJ1c2VySWQiOjIsInN1YiI6InRoZDIwMjAiLCJpYXQiOjE3NDI1MjU5NzAsImV4cCI6MTc0MjU2MTk3MH0.MxiszhSIMY5_l9PHVm4dHUAIZrEUpCxcHzn-_kPB54Y','/api/v1/imaging/masks/303','200 OK','pas-main','2025-03-21 03:12:45.404440','2'),(255,NULL,'com.thd2020.pasmain.controller.ImagingController','file [/home/lmj/xyx/pas/1/record123/masks/1656216_20_placenta_mask.jpg]',NULL,'127.0.0.1','INFO','getMask','GET','Body: 304, Bearer eyJhbGciOiJIUzI1NiJ9.eyJ1c2VySWQiOjIsInN1YiI6InRoZDIwMjAiLCJpYXQiOjE3NDI1MjU5NzAsImV4cCI6MTc0MjU2MTk3MH0.MxiszhSIMY5_l9PHVm4dHUAIZrEUpCxcHzn-_kPB54Y','/api/v1/imaging/masks/304','200 OK','pas-main','2025-03-21 03:12:45.405304','2'),(256,NULL,'com.thd2020.pasmain.controller.ImagingController','file [/home/lmj/xyx/pas/1/record123/masks/1656216_20_bladder_mask.jpg]',NULL,'127.0.0.1','INFO','getMask','GET','Body: 306, Bearer eyJhbGciOiJIUzI1NiJ9.eyJ1c2VySWQiOjIsInN1YiI6InRoZDIwMjAiLCJpYXQiOjE3NDI1MjU5NzAsImV4cCI6MTc0MjU2MTk3MH0.MxiszhSIMY5_l9PHVm4dHUAIZrEUpCxcHzn-_kPB54Y','/api/v1/imaging/masks/306','200 OK','pas-main','2025-03-21 03:12:55.020165','2'),(257,NULL,'com.thd2020.pasmain.controller.ImagingController','file [/home/lmj/xyx/pas/1/record123/masks/1656216_20_myometrium_mask.jpg]',NULL,'127.0.0.1','INFO','getMask','GET','Body: 305, Bearer eyJhbGciOiJIUzI1NiJ9.eyJ1c2VySWQiOjIsInN1YiI6InRoZDIwMjAiLCJpYXQiOjE3NDI1MjU5NzAsImV4cCI6MTc0MjU2MTk3MH0.MxiszhSIMY5_l9PHVm4dHUAIZrEUpCxcHzn-_kPB54Y','/api/v1/imaging/masks/305','200 OK','pas-main','2025-03-21 03:12:55.021652','2'),(258,NULL,'com.thd2020.pasmain.controller.ImagingController','file [/home/lmj/xyx/pas/1/record123/masks/1656216_20_placenta_mask.jpg]',NULL,'127.0.0.1','INFO','getMask','GET','Body: 307, Bearer eyJhbGciOiJIUzI1NiJ9.eyJ1c2VySWQiOjIsInN1YiI6InRoZDIwMjAiLCJpYXQiOjE3NDI1MjU5NzAsImV4cCI6MTc0MjU2MTk3MH0.MxiszhSIMY5_l9PHVm4dHUAIZrEUpCxcHzn-_kPB54Y','/api/v1/imaging/masks/307','200 OK','pas-main','2025-03-21 03:12:55.073196','2'),(259,NULL,'com.thd2020.pasmain.controller.ImagingController','file [/home/lmj/xyx/pas/1/record123/masks/1656216_20_myometrium_mask.jpg]',NULL,'127.0.0.1','INFO','getMask','GET','Body: 308, Bearer eyJhbGciOiJIUzI1NiJ9.eyJ1c2VySWQiOjIsInN1YiI6InRoZDIwMjAiLCJpYXQiOjE3NDI1MjU5NzAsImV4cCI6MTc0MjU2MTk3MH0.MxiszhSIMY5_l9PHVm4dHUAIZrEUpCxcHzn-_kPB54Y','/api/v1/imaging/masks/308','200 OK','pas-main','2025-03-21 03:13:06.553285','2'),(260,NULL,'com.thd2020.pasmain.controller.ImagingController','file [/home/lmj/xyx/pas/1/record123/masks/1656216_20_bladder_mask.jpg]',NULL,'127.0.0.1','INFO','getMask','GET','Body: 310, Bearer eyJhbGciOiJIUzI1NiJ9.eyJ1c2VySWQiOjIsInN1YiI6InRoZDIwMjAiLCJpYXQiOjE3NDI1MjU5NzAsImV4cCI6MTc0MjU2MTk3MH0.MxiszhSIMY5_l9PHVm4dHUAIZrEUpCxcHzn-_kPB54Y','/api/v1/imaging/masks/310','200 OK','pas-main','2025-03-21 03:13:06.563890','2'),(261,NULL,'com.thd2020.pasmain.controller.ImagingController','file [/home/lmj/xyx/pas/1/record123/masks/1656216_20_placenta accreta_mask.jpg]',NULL,'127.0.0.1','INFO','getMask','GET','Body: 309, Bearer eyJhbGciOiJIUzI1NiJ9.eyJ1c2VySWQiOjIsInN1YiI6InRoZDIwMjAiLCJpYXQiOjE3NDI1MjU5NzAsImV4cCI6MTc0MjU2MTk3MH0.MxiszhSIMY5_l9PHVm4dHUAIZrEUpCxcHzn-_kPB54Y','/api/v1/imaging/masks/309','200 OK','pas-main','2025-03-21 03:13:06.564053','2'),(262,NULL,'com.thd2020.pasmain.controller.ImagingController','file [/home/lmj/xyx/pas/1/record123/masks/1656216_20_placenta_mask.jpg]',NULL,'127.0.0.1','INFO','getMask','GET','Body: 311, Bearer eyJhbGciOiJIUzI1NiJ9.eyJ1c2VySWQiOjIsInN1YiI6InRoZDIwMjAiLCJpYXQiOjE3NDI1MjU5NzAsImV4cCI6MTc0MjU2MTk3MH0.MxiszhSIMY5_l9PHVm4dHUAIZrEUpCxcHzn-_kPB54Y','/api/v1/imaging/masks/311','200 OK','pas-main','2025-03-21 03:13:06.587424','2'),(263,NULL,'com.thd2020.pasmain.controller.ImagingController','\"Cannot find image locally\"',NULL,'127.0.0.1','INFO','getImage','GET','Body: 1, Bearer eyJhbGciOiJIUzI1NiJ9.eyJ1c2VySWQiOjIsInN1YiI6InRoZDIwMjAiLCJpYXQiOjE3NDI1MjU3NTQsImV4cCI6MTc0MjU2MTc1NH0.w3hFMq8UJ1R-fxFceE-rh5-prEwg1VMK1_mZVpo1Bv4','/api/v1/imaging/images/1','404 NOT_FOUND','pas-main','2025-03-21 03:16:31.747486','2'),(264,NULL,'com.thd2020.pasmain.controller.ImagingController','file [/home/lmj/xyx/pas/22/22_CT_20240911/images/42.png]',NULL,'127.0.0.1','INFO','getImage','GET','Body: 141, Bearer eyJhbGciOiJIUzI1NiJ9.eyJ1c2VySWQiOjIsInN1YiI6InRoZDIwMjAiLCJpYXQiOjE3NDI1MjU3NTQsImV4cCI6MTc0MjU2MTc1NH0.w3hFMq8UJ1R-fxFceE-rh5-prEwg1VMK1_mZVpo1Bv4','/api/v1/imaging/images/141','200 OK','pas-main','2025-03-21 03:16:39.192727','2'),(265,NULL,'com.thd2020.pasmain.controller.ImagingController','file [/home/lmj/xyx/pas/22/22_CT_20240911/images/42.png]',NULL,'127.0.0.1','INFO','getImage','GET','Body: 141, Bearer eyJhbGciOiJIUzI1NiJ9.eyJ1c2VySWQiOjIsInN1YiI6InRoZDIwMjAiLCJpYXQiOjE3NDI1MjU5NzAsImV4cCI6MTc0MjU2MTk3MH0.MxiszhSIMY5_l9PHVm4dHUAIZrEUpCxcHzn-_kPB54Y','/api/v1/imaging/images/141','200 OK','pas-main','2025-03-21 03:17:11.877501','2'),(266,NULL,'com.thd2020.pasmain.controller.ImagingController','file [/home/lmj/xyx/pas/22/22_CT_20240911/images/42.png]',NULL,'127.0.0.1','INFO','getImage','GET','Body: 141, Bearer eyJhbGciOiJIUzI1NiJ9.eyJ1c2VySWQiOjIsInN1YiI6InRoZDIwMjAiLCJpYXQiOjE3NDI1MjU5NzAsImV4cCI6MTc0MjU2MTk3MH0.MxiszhSIMY5_l9PHVm4dHUAIZrEUpCxcHzn-_kPB54Y','/api/v1/imaging/images/141','200 OK','pas-main','2025-03-21 03:35:02.487341','2'),(267,NULL,'com.thd2020.pasmain.controller.ImagingController','file [/home/lmj/xyx/pas/1/record123/masks/1656216_21_myometrium_mask.jpg]',NULL,'127.0.0.1','INFO','getMask','GET','Body: 312, Bearer eyJhbGciOiJIUzI1NiJ9.eyJ1c2VySWQiOjIsInN1YiI6InRoZDIwMjAiLCJpYXQiOjE3NDI1MjU5NzAsImV4cCI6MTc0MjU2MTk3MH0.MxiszhSIMY5_l9PHVm4dHUAIZrEUpCxcHzn-_kPB54Y','/api/v1/imaging/masks/312','200 OK','pas-main','2025-03-21 03:35:22.419877','2'),(268,NULL,'com.thd2020.pasmain.controller.ImagingController','file [/home/lmj/xyx/pas/1/record123/masks/1656216_21_placenta accreta_mask.jpg]',NULL,'127.0.0.1','INFO','getMask','GET','Body: 313, Bearer eyJhbGciOiJIUzI1NiJ9.eyJ1c2VySWQiOjIsInN1YiI6InRoZDIwMjAiLCJpYXQiOjE3NDI1MjU5NzAsImV4cCI6MTc0MjU2MTk3MH0.MxiszhSIMY5_l9PHVm4dHUAIZrEUpCxcHzn-_kPB54Y','/api/v1/imaging/masks/313','200 OK','pas-main','2025-03-21 03:35:22.475749','2'),(269,NULL,'com.thd2020.pasmain.controller.ImagingController','file [/home/lmj/xyx/pas/1/record123/masks/1656216_21_bladder_mask.jpg]',NULL,'127.0.0.1','INFO','getMask','GET','Body: 314, Bearer eyJhbGciOiJIUzI1NiJ9.eyJ1c2VySWQiOjIsInN1YiI6InRoZDIwMjAiLCJpYXQiOjE3NDI1MjU5NzAsImV4cCI6MTc0MjU2MTk3MH0.MxiszhSIMY5_l9PHVm4dHUAIZrEUpCxcHzn-_kPB54Y','/api/v1/imaging/masks/314','200 OK','pas-main','2025-03-21 03:35:22.620270','2'),(270,NULL,'com.thd2020.pasmain.controller.ImagingController','file [/home/lmj/xyx/pas/1/record123/masks/1656216_21_placenta_mask.jpg]',NULL,'127.0.0.1','INFO','getMask','GET','Body: 315, Bearer eyJhbGciOiJIUzI1NiJ9.eyJ1c2VySWQiOjIsInN1YiI6InRoZDIwMjAiLCJpYXQiOjE3NDI1MjU5NzAsImV4cCI6MTc0MjU2MTk3MH0.MxiszhSIMY5_l9PHVm4dHUAIZrEUpCxcHzn-_kPB54Y','/api/v1/imaging/masks/315','200 OK','pas-main','2025-03-21 03:35:22.622428','2'),(271,NULL,'com.thd2020.pasmain.controller.ImagingController','file [/home/lmj/xyx/pas/1/record123/masks/1656216_21_myometrium_mask.jpg]',NULL,'127.0.0.1','INFO','getMask','GET','Body: 316, Bearer eyJhbGciOiJIUzI1NiJ9.eyJ1c2VySWQiOjIsInN1YiI6InRoZDIwMjAiLCJpYXQiOjE3NDI1MjU5NzAsImV4cCI6MTc0MjU2MTk3MH0.MxiszhSIMY5_l9PHVm4dHUAIZrEUpCxcHzn-_kPB54Y','/api/v1/imaging/masks/316','200 OK','pas-main','2025-03-21 03:36:26.490927','2'),(272,NULL,'com.thd2020.pasmain.controller.ImagingController','file [/home/lmj/xyx/pas/1/record123/masks/1656216_21_placenta accreta_mask.jpg]',NULL,'127.0.0.1','INFO','getMask','GET','Body: 317, Bearer eyJhbGciOiJIUzI1NiJ9.eyJ1c2VySWQiOjIsInN1YiI6InRoZDIwMjAiLCJpYXQiOjE3NDI1MjU5NzAsImV4cCI6MTc0MjU2MTk3MH0.MxiszhSIMY5_l9PHVm4dHUAIZrEUpCxcHzn-_kPB54Y','/api/v1/imaging/masks/317','200 OK','pas-main','2025-03-21 03:36:26.800973','2'),(273,NULL,'com.thd2020.pasmain.controller.ImagingController','file [/home/lmj/xyx/pas/1/record123/masks/1656216_21_bladder_mask.jpg]',NULL,'127.0.0.1','INFO','getMask','GET','Body: 318, Bearer eyJhbGciOiJIUzI1NiJ9.eyJ1c2VySWQiOjIsInN1YiI6InRoZDIwMjAiLCJpYXQiOjE3NDI1MjU5NzAsImV4cCI6MTc0MjU2MTk3MH0.MxiszhSIMY5_l9PHVm4dHUAIZrEUpCxcHzn-_kPB54Y','/api/v1/imaging/masks/318','200 OK','pas-main','2025-03-21 03:36:26.809513','2'),(274,NULL,'com.thd2020.pasmain.controller.ImagingController','file [/home/lmj/xyx/pas/1/record123/masks/1656216_21_placenta_mask.jpg]',NULL,'127.0.0.1','INFO','getMask','GET','Body: 319, Bearer eyJhbGciOiJIUzI1NiJ9.eyJ1c2VySWQiOjIsInN1YiI6InRoZDIwMjAiLCJpYXQiOjE3NDI1MjU5NzAsImV4cCI6MTc0MjU2MTk3MH0.MxiszhSIMY5_l9PHVm4dHUAIZrEUpCxcHzn-_kPB54Y','/api/v1/imaging/masks/319','200 OK','pas-main','2025-03-21 03:36:26.813859','2'),(275,NULL,'com.thd2020.pasmain.controller.ImagingController','file [/home/lmj/xyx/pas/1/record123/masks/1656216_21_myometrium_mask.jpg]',NULL,'127.0.0.1','INFO','getMask','GET','Body: 320, Bearer eyJhbGciOiJIUzI1NiJ9.eyJ1c2VySWQiOjIsInN1YiI6InRoZDIwMjAiLCJpYXQiOjE3NDI1MjU5NzAsImV4cCI6MTc0MjU2MTk3MH0.MxiszhSIMY5_l9PHVm4dHUAIZrEUpCxcHzn-_kPB54Y','/api/v1/imaging/masks/320','200 OK','pas-main','2025-03-21 03:37:38.836732','2'),(276,NULL,'com.thd2020.pasmain.controller.ImagingController','file [/home/lmj/xyx/pas/1/record123/masks/1656216_21_placenta_mask.jpg]',NULL,'127.0.0.1','INFO','getMask','GET','Body: 323, Bearer eyJhbGciOiJIUzI1NiJ9.eyJ1c2VySWQiOjIsInN1YiI6InRoZDIwMjAiLCJpYXQiOjE3NDI1MjU5NzAsImV4cCI6MTc0MjU2MTk3MH0.MxiszhSIMY5_l9PHVm4dHUAIZrEUpCxcHzn-_kPB54Y','/api/v1/imaging/masks/323','200 OK','pas-main','2025-03-21 03:37:38.950292','2'),(277,NULL,'com.thd2020.pasmain.controller.ImagingController','file [/home/lmj/xyx/pas/1/record123/masks/1656216_21_bladder_mask.jpg]',NULL,'127.0.0.1','INFO','getMask','GET','Body: 322, Bearer eyJhbGciOiJIUzI1NiJ9.eyJ1c2VySWQiOjIsInN1YiI6InRoZDIwMjAiLCJpYXQiOjE3NDI1MjU5NzAsImV4cCI6MTc0MjU2MTk3MH0.MxiszhSIMY5_l9PHVm4dHUAIZrEUpCxcHzn-_kPB54Y','/api/v1/imaging/masks/322','200 OK','pas-main','2025-03-21 03:37:39.085800','2'),(278,NULL,'com.thd2020.pasmain.controller.ImagingController','file [/home/lmj/xyx/pas/1/record123/masks/1656216_21_placenta accreta_mask.jpg]',NULL,'127.0.0.1','INFO','getMask','GET','Body: 321, Bearer eyJhbGciOiJIUzI1NiJ9.eyJ1c2VySWQiOjIsInN1YiI6InRoZDIwMjAiLCJpYXQiOjE3NDI1MjU5NzAsImV4cCI6MTc0MjU2MTk3MH0.MxiszhSIMY5_l9PHVm4dHUAIZrEUpCxcHzn-_kPB54Y','/api/v1/imaging/masks/321','200 OK','pas-main','2025-03-21 03:37:39.166692','2'),(279,NULL,'com.thd2020.pasmain.controller.ImagingController','file [/home/lmj/xyx/pas/1/record123/masks/1656216_21_placenta accreta_mask.jpg]',NULL,'127.0.0.1','INFO','getMask','GET','Body: 325, Bearer eyJhbGciOiJIUzI1NiJ9.eyJ1c2VySWQiOjIsInN1YiI6InRoZDIwMjAiLCJpYXQiOjE3NDI1MjU5NzAsImV4cCI6MTc0MjU2MTk3MH0.MxiszhSIMY5_l9PHVm4dHUAIZrEUpCxcHzn-_kPB54Y','/api/v1/imaging/masks/325','200 OK','pas-main','2025-03-21 03:37:54.599493','2'),(280,NULL,'com.thd2020.pasmain.controller.ImagingController','file [/home/lmj/xyx/pas/1/record123/masks/1656216_21_myometrium_mask.jpg]',NULL,'127.0.0.1','INFO','getMask','GET','Body: 324, Bearer eyJhbGciOiJIUzI1NiJ9.eyJ1c2VySWQiOjIsInN1YiI6InRoZDIwMjAiLCJpYXQiOjE3NDI1MjU5NzAsImV4cCI6MTc0MjU2MTk3MH0.MxiszhSIMY5_l9PHVm4dHUAIZrEUpCxcHzn-_kPB54Y','/api/v1/imaging/masks/324','200 OK','pas-main','2025-03-21 03:37:54.599509','2'),(281,NULL,'com.thd2020.pasmain.controller.ImagingController','file [/home/lmj/xyx/pas/1/record123/masks/1656216_21_placenta_mask.jpg]',NULL,'127.0.0.1','INFO','getMask','GET','Body: 327, Bearer eyJhbGciOiJIUzI1NiJ9.eyJ1c2VySWQiOjIsInN1YiI6InRoZDIwMjAiLCJpYXQiOjE3NDI1MjU5NzAsImV4cCI6MTc0MjU2MTk3MH0.MxiszhSIMY5_l9PHVm4dHUAIZrEUpCxcHzn-_kPB54Y','/api/v1/imaging/masks/327','200 OK','pas-main','2025-03-21 03:37:54.599509','2'),(282,NULL,'com.thd2020.pasmain.controller.ImagingController','file [/home/lmj/xyx/pas/1/record123/masks/1656216_21_bladder_mask.jpg]',NULL,'127.0.0.1','INFO','getMask','GET','Body: 326, Bearer eyJhbGciOiJIUzI1NiJ9.eyJ1c2VySWQiOjIsInN1YiI6InRoZDIwMjAiLCJpYXQiOjE3NDI1MjU5NzAsImV4cCI6MTc0MjU2MTk3MH0.MxiszhSIMY5_l9PHVm4dHUAIZrEUpCxcHzn-_kPB54Y','/api/v1/imaging/masks/326','200 OK','pas-main','2025-03-21 03:37:54.599955','2'),(283,NULL,'com.thd2020.pasmain.controller.ImagingController','file [/home/lmj/xyx/pas/22/22_CT_20240911/images/42.png]',NULL,'127.0.0.1','INFO','getImage','GET','Body: 141, Bearer eyJhbGciOiJIUzI1NiJ9.eyJ1c2VySWQiOjIsInN1YiI6InRoZDIwMjAiLCJpYXQiOjE3NDI1MjU5NzAsImV4cCI6MTc0MjU2MTk3MH0.MxiszhSIMY5_l9PHVm4dHUAIZrEUpCxcHzn-_kPB54Y','/api/v1/imaging/images/141','200 OK','pas-main','2025-03-21 03:38:48.636166','2'),(284,NULL,'com.thd2020.pasmain.controller.ImagingController','file [/home/lmj/xyx/pas/22/22_CT_20240911/images/42.png]',NULL,'127.0.0.1','INFO','getImage','GET','Body: 141, Bearer eyJhbGciOiJIUzI1NiJ9.eyJ1c2VySWQiOjIsInN1YiI6InRoZDIwMjAiLCJpYXQiOjE3NDI1MjU5NzAsImV4cCI6MTc0MjU2MTk3MH0.MxiszhSIMY5_l9PHVm4dHUAIZrEUpCxcHzn-_kPB54Y','/api/v1/imaging/images/141','200 OK','pas-main','2025-03-21 03:39:25.271263','2'),(285,NULL,'com.thd2020.pasmain.controller.ImagingController','file [/home/lmj/xyx/pas/1/record123/masks/1656216_20_myometrium_mask.jpg]',NULL,'127.0.0.1','INFO','getMask','GET','Body: 328, Bearer eyJhbGciOiJIUzI1NiJ9.eyJ1c2VySWQiOjIsInN1YiI6InRoZDIwMjAiLCJpYXQiOjE3NDI1MjU5NzAsImV4cCI6MTc0MjU2MTk3MH0.MxiszhSIMY5_l9PHVm4dHUAIZrEUpCxcHzn-_kPB54Y','/api/v1/imaging/masks/328','200 OK','pas-main','2025-03-21 03:39:35.398592','2'),(286,NULL,'com.thd2020.pasmain.controller.ImagingController','file [/home/lmj/xyx/pas/1/record123/masks/1656216_20_placenta accreta_mask.jpg]',NULL,'127.0.0.1','INFO','getMask','GET','Body: 329, Bearer eyJhbGciOiJIUzI1NiJ9.eyJ1c2VySWQiOjIsInN1YiI6InRoZDIwMjAiLCJpYXQiOjE3NDI1MjU5NzAsImV4cCI6MTc0MjU2MTk3MH0.MxiszhSIMY5_l9PHVm4dHUAIZrEUpCxcHzn-_kPB54Y','/api/v1/imaging/masks/329','200 OK','pas-main','2025-03-21 03:39:35.531430','2'),(287,NULL,'com.thd2020.pasmain.controller.ImagingController','file [/home/lmj/xyx/pas/1/record123/masks/1656216_20_bladder_mask.jpg]',NULL,'127.0.0.1','INFO','getMask','GET','Body: 330, Bearer eyJhbGciOiJIUzI1NiJ9.eyJ1c2VySWQiOjIsInN1YiI6InRoZDIwMjAiLCJpYXQiOjE3NDI1MjU5NzAsImV4cCI6MTc0MjU2MTk3MH0.MxiszhSIMY5_l9PHVm4dHUAIZrEUpCxcHzn-_kPB54Y','/api/v1/imaging/masks/330','200 OK','pas-main','2025-03-21 03:39:35.604862','2'),(288,NULL,'com.thd2020.pasmain.controller.ImagingController','file [/home/lmj/xyx/pas/1/record123/masks/1656216_20_placenta_mask.jpg]',NULL,'127.0.0.1','INFO','getMask','GET','Body: 331, Bearer eyJhbGciOiJIUzI1NiJ9.eyJ1c2VySWQiOjIsInN1YiI6InRoZDIwMjAiLCJpYXQiOjE3NDI1MjU5NzAsImV4cCI6MTc0MjU2MTk3MH0.MxiszhSIMY5_l9PHVm4dHUAIZrEUpCxcHzn-_kPB54Y','/api/v1/imaging/masks/331','200 OK','pas-main','2025-03-21 03:39:35.606451','2'),(289,NULL,'com.thd2020.pasmain.controller.ImagingController','file [/home/lmj/xyx/pas/22/22_CT_20240911/images/42.png]',NULL,'192.168.1.116','INFO','getImage','GET','Body: 141, Bearer eyJhbGciOiJIUzI1NiJ9.eyJ1c2VySWQiOjIsInN1YiI6InRoZDIwMjAiLCJpYXQiOjE3NDI1MjU5NzAsImV4cCI6MTc0MjU2MTk3MH0.MxiszhSIMY5_l9PHVm4dHUAIZrEUpCxcHzn-_kPB54Y','/api/v1/imaging/images/141','200 OK','pas-main','2025-03-21 03:41:18.800961','2'),(290,NULL,'com.thd2020.pasmain.controller.UserController','Status: success, Message: Login successful, Data: com.thd2020.pasmain.dto.JwtResponse@10aae306',NULL,'192.168.1.116','INFO','loginUser','POST','Body: com.thd2020.pasmain.dto.AuthenticationRequest@75c9b197','/api/v1/users/login','success','pas-main','2025-03-21 03:43:38.164212','anonymous'),(291,NULL,'com.thd2020.pasmain.controller.UserController','Status: success, Message: Login successful, Data: com.thd2020.pasmain.dto.JwtResponse@6990e838',NULL,'192.168.1.116','INFO','loginUser','POST','Body: com.thd2020.pasmain.dto.AuthenticationRequest@4e59031c','/api/v1/users/login','success','pas-main','2025-03-21 03:44:00.468097','anonymous'),(292,NULL,'com.thd2020.pasmain.controller.ImagingController','\"Cannot find image locally\"',NULL,'192.168.1.116','INFO','getImage','GET','Body: 1, Bearer eyJhbGciOiJIUzI1NiJ9.eyJ1c2VySWQiOjIsInN1YiI6InRoZDIwMjAiLCJpYXQiOjE3NDI1Mjg2NDAsImV4cCI6MTc0MjU2NDY0MH0.R9UYiaqylXPcr2V8ns-jwJeZH6KH95L2KCAW4u7A-s4','/api/v1/imaging/images/1','404 NOT_FOUND','pas-main','2025-03-21 03:44:02.417889','2'),(293,NULL,'com.thd2020.pasmain.controller.ImagingController','file [/home/lmj/xyx/pas/1/record123/masks/1656216_20_myometrium_mask.jpg]',NULL,'192.168.1.116','INFO','getMask','GET','Body: 332, Bearer eyJhbGciOiJIUzI1NiJ9.eyJ1c2VySWQiOjIsInN1YiI6InRoZDIwMjAiLCJpYXQiOjE3NDI1Mjg2NDAsImV4cCI6MTc0MjU2NDY0MH0.R9UYiaqylXPcr2V8ns-jwJeZH6KH95L2KCAW4u7A-s4','/api/v1/imaging/masks/332','200 OK','pas-main','2025-03-21 03:44:23.864648','2'),(294,NULL,'com.thd2020.pasmain.controller.ImagingController','file [/home/lmj/xyx/pas/1/record123/masks/1656216_20_bladder_mask.jpg]',NULL,'192.168.1.116','INFO','getMask','GET','Body: 334, Bearer eyJhbGciOiJIUzI1NiJ9.eyJ1c2VySWQiOjIsInN1YiI6InRoZDIwMjAiLCJpYXQiOjE3NDI1Mjg2NDAsImV4cCI6MTc0MjU2NDY0MH0.R9UYiaqylXPcr2V8ns-jwJeZH6KH95L2KCAW4u7A-s4','/api/v1/imaging/masks/334','200 OK','pas-main','2025-03-21 03:44:23.867491','2'),(295,NULL,'com.thd2020.pasmain.controller.ImagingController','file [/home/lmj/xyx/pas/1/record123/masks/1656216_20_placenta_mask.jpg]',NULL,'192.168.1.116','INFO','getMask','GET','Body: 335, Bearer eyJhbGciOiJIUzI1NiJ9.eyJ1c2VySWQiOjIsInN1YiI6InRoZDIwMjAiLCJpYXQiOjE3NDI1Mjg2NDAsImV4cCI6MTc0MjU2NDY0MH0.R9UYiaqylXPcr2V8ns-jwJeZH6KH95L2KCAW4u7A-s4','/api/v1/imaging/masks/335','200 OK','pas-main','2025-03-21 03:44:23.874265','2'),(296,NULL,'com.thd2020.pasmain.controller.ImagingController','file [/home/lmj/xyx/pas/1/record123/masks/1656216_20_placenta accreta_mask.jpg]',NULL,'192.168.1.116','INFO','getMask','GET','Body: 333, Bearer eyJhbGciOiJIUzI1NiJ9.eyJ1c2VySWQiOjIsInN1YiI6InRoZDIwMjAiLCJpYXQiOjE3NDI1Mjg2NDAsImV4cCI6MTc0MjU2NDY0MH0.R9UYiaqylXPcr2V8ns-jwJeZH6KH95L2KCAW4u7A-s4','/api/v1/imaging/masks/333','200 OK','pas-main','2025-03-21 03:44:23.880265','2'),(297,NULL,'com.thd2020.pasmain.controller.ImagingController','\"Cannot find image locally\"',NULL,'192.168.1.102','INFO','getImage','GET','Body: 1, Bearer eyJhbGciOiJIUzI1NiJ9.eyJ1c2VySWQiOjIsInN1YiI6InRoZDIwMjAiLCJpYXQiOjE3NDI1Mjg2NDAsImV4cCI6MTc0MjU2NDY0MH0.R9UYiaqylXPcr2V8ns-jwJeZH6KH95L2KCAW4u7A-s4','/api/v1/imaging/images/1','404 NOT_FOUND','pas-main','2025-03-21 08:14:45.861255','2'),(298,NULL,'com.thd2020.pasmain.controller.UserController','Status: success, Message: Login successful, Data: com.thd2020.pasmain.dto.JwtResponse@5b6eabcc',NULL,'127.0.0.1','INFO','loginUser','POST','Body: com.thd2020.pasmain.dto.AuthenticationRequest@5ebcb31','/api/v1/users/login','success','pas-main','2025-03-21 08:16:30.902583','anonymous'),(299,NULL,'com.thd2020.pasmain.controller.ImagingController','\"Cannot find image locally\"',NULL,'192.168.1.102','INFO','getImage','GET','Body: 1, Bearer eyJhbGciOiJIUzI1NiJ9.eyJ1c2VySWQiOjIsInN1YiI6InRoZDIwMjAiLCJpYXQiOjE3NDI1Mjg2NDAsImV4cCI6MTc0MjU2NDY0MH0.R9UYiaqylXPcr2V8ns-jwJeZH6KH95L2KCAW4u7A-s4','/api/v1/imaging/images/1','404 NOT_FOUND','pas-main','2025-03-21 08:52:23.384965','2'),(300,NULL,'com.thd2020.pasmain.controller.ImagingController','file [/home/lmj/xyx/pas/1/record123/masks/1656216_23_myometrium_mask.jpg]',NULL,'192.168.1.102','INFO','getMask','GET','Body: 336, Bearer eyJhbGciOiJIUzI1NiJ9.eyJ1c2VySWQiOjIsInN1YiI6InRoZDIwMjAiLCJpYXQiOjE3NDI1Mjg2NDAsImV4cCI6MTc0MjU2NDY0MH0.R9UYiaqylXPcr2V8ns-jwJeZH6KH95L2KCAW4u7A-s4','/api/v1/imaging/masks/336','200 OK','pas-main','2025-03-21 08:52:39.511338','2'),(301,NULL,'com.thd2020.pasmain.controller.ImagingController','file [/home/lmj/xyx/pas/1/record123/masks/1656216_23_bladder_mask.jpg]',NULL,'192.168.1.102','INFO','getMask','GET','Body: 338, Bearer eyJhbGciOiJIUzI1NiJ9.eyJ1c2VySWQiOjIsInN1YiI6InRoZDIwMjAiLCJpYXQiOjE3NDI1Mjg2NDAsImV4cCI6MTc0MjU2NDY0MH0.R9UYiaqylXPcr2V8ns-jwJeZH6KH95L2KCAW4u7A-s4','/api/v1/imaging/masks/338','200 OK','pas-main','2025-03-21 08:52:39.514797','2'),(302,NULL,'com.thd2020.pasmain.controller.ImagingController','file [/home/lmj/xyx/pas/1/record123/masks/1656216_23_placenta accreta_mask.jpg]',NULL,'192.168.1.102','INFO','getMask','GET','Body: 337, Bearer eyJhbGciOiJIUzI1NiJ9.eyJ1c2VySWQiOjIsInN1YiI6InRoZDIwMjAiLCJpYXQiOjE3NDI1Mjg2NDAsImV4cCI6MTc0MjU2NDY0MH0.R9UYiaqylXPcr2V8ns-jwJeZH6KH95L2KCAW4u7A-s4','/api/v1/imaging/masks/337','200 OK','pas-main','2025-03-21 08:52:39.514123','2'),(303,NULL,'com.thd2020.pasmain.controller.ImagingController','file [/home/lmj/xyx/pas/1/record123/masks/1656216_23_placenta_mask.jpg]',NULL,'192.168.1.102','INFO','getMask','GET','Body: 339, Bearer eyJhbGciOiJIUzI1NiJ9.eyJ1c2VySWQiOjIsInN1YiI6InRoZDIwMjAiLCJpYXQiOjE3NDI1Mjg2NDAsImV4cCI6MTc0MjU2NDY0MH0.R9UYiaqylXPcr2V8ns-jwJeZH6KH95L2KCAW4u7A-s4','/api/v1/imaging/masks/339','200 OK','pas-main','2025-03-21 08:52:39.516698','2'),(304,NULL,'com.thd2020.pasmain.controller.ImagingController','file [/home/lmj/xyx/pas/1/record123/masks/1656216_23_placenta_mask.jpg]',NULL,'192.168.1.102','INFO','getMask','GET','Body: 340, Bearer eyJhbGciOiJIUzI1NiJ9.eyJ1c2VySWQiOjIsInN1YiI6InRoZDIwMjAiLCJpYXQiOjE3NDI1Mjg2NDAsImV4cCI6MTc0MjU2NDY0MH0.R9UYiaqylXPcr2V8ns-jwJeZH6KH95L2KCAW4u7A-s4','/api/v1/imaging/masks/340','200 OK','pas-main','2025-03-21 08:52:50.742353','2'),(305,NULL,'com.thd2020.pasmain.controller.ImagingController','file [/home/lmj/xyx/pas/22/22_CT_20240911/images/42.png]',NULL,'127.0.0.1','INFO','getImage','GET','Body: 141, Bearer eyJhbGciOiJIUzI1NiJ9.eyJ1c2VySWQiOjIsInN1YiI6InRoZDIwMjAiLCJpYXQiOjE3NDI1NDQ5OTAsImV4cCI6MTc0MjU4MDk5MH0.O96krTMfKxJEMLdC87HQF6aS0wGStnCKd35_1-uRmh8','/api/v1/imaging/images/141','200 OK','pas-main','2025-03-21 09:21:13.503324','2'),(306,NULL,'com.thd2020.pasmain.controller.UserController','Status: success, Message: Login successful, Data: com.thd2020.pasmain.dto.JwtResponse@12c592fe',NULL,'192.168.1.102','INFO','loginUser','POST','Body: com.thd2020.pasmain.dto.AuthenticationRequest@50f22556','/api/v1/users/login','success','pas-main','2025-03-21 09:37:47.610861','anonymous'),(307,NULL,'com.thd2020.pasmain.controller.PatientController','Status: failure, Message: No such patient, Data: null',NULL,'192.168.1.102','INFO','getPatient','GET','Body: 2, Bearer eyJhbGciOiJIUzI1NiJ9.eyJ1c2VySWQiOjIsInN1YiI6InRoZDIwMjAiLCJpYXQiOjE3NDI1NDk4NjcsImV4cCI6MTc0MjU4NTg2N30.Hj4BoMnL1eAKjUP1Rr-6b_DOEaCdi6uazirXuQ40Tqg','/api/v1/patients/2','failure','pas-main','2025-03-21 09:37:50.944256','2'),(308,NULL,'com.thd2020.pasmain.controller.UserController','Status: failure, Message: No such patient corresponding to this user, Data: null',NULL,'192.168.1.102','INFO','getRelatedIdsByUserId','GET','Body: Bearer eyJhbGciOiJIUzI1NiJ9.eyJ1c2VySWQiOjIsInN1YiI6InRoZDIwMjAiLCJpYXQiOjE3NDI1NDk4NjcsImV4cCI6MTc0MjU4NTg2N30.Hj4BoMnL1eAKjUP1Rr-6b_DOEaCdi6uazirXuQ40Tqg, 2','/api/v1/users/related-ids/2','failure','pas-main','2025-03-21 09:37:52.087243','2'),(309,NULL,'com.thd2020.pasmain.controller.UserController','Status: success, Message: Related IDs fetched successfully, Data: {surgeryAndBloodTestIds=[], imagingRecordIds=[], patientId=29, ultrasoundScoreIds=[], MedicalRecordIds=[]}',NULL,'192.168.1.102','INFO','getRelatedIdsByUserId','GET','Body: Bearer eyJhbGciOiJIUzI1NiJ9.eyJ1c2VySWQiOjIsInN1YiI6InRoZDIwMjAiLCJpYXQiOjE3NDI1NDk4NjcsImV4cCI6MTc0MjU4NTg2N30.Hj4BoMnL1eAKjUP1Rr-6b_DOEaCdi6uazirXuQ40Tqg, 31','/api/v1/users/related-ids/31','success','pas-main','2025-03-21 09:38:08.827771','2'),(310,NULL,'com.thd2020.pasmain.controller.ImagingController','Status: failure, Message: failed to get imaging record, Data: null',NULL,'192.168.1.102','INFO','getImagingRecord','GET','Body: 29_MRI_20250321, Bearer eyJhbGciOiJIUzI1NiJ9.eyJ1c2VySWQiOjIsInN1YiI6InRoZDIwMjAiLCJpYXQiOjE3NDI1NDk4NjcsImV4cCI6MTc0MjU4NTg2N30.Hj4BoMnL1eAKjUP1Rr-6b_DOEaCdi6uazirXuQ40Tqg','/api/v1/imaging/records/29_MRI_20250321','failure','pas-main','2025-03-21 09:38:29.995233','2'),(311,NULL,'com.thd2020.pasmain.controller.ImagingController','Status: failure, Message: failed to get imaging record, Data: null',NULL,'192.168.1.102','INFO','getImagingRecord','GET','Body: 29_MRI_20250321, Bearer eyJhbGciOiJIUzI1NiJ9.eyJ1c2VySWQiOjIsInN1YiI6InRoZDIwMjAiLCJpYXQiOjE3NDI1NDk4NjcsImV4cCI6MTc0MjU4NTg2N30.Hj4BoMnL1eAKjUP1Rr-6b_DOEaCdi6uazirXuQ40Tqg','/api/v1/imaging/records/29_MRI_20250321','failure','pas-main','2025-03-21 09:38:30.003850','2'),(312,NULL,'com.thd2020.pasmain.controller.ImagingController',NULL,NULL,'192.168.1.102','INFO','getImagingRecord','GET','Body: 29_MRI_20250321, Bearer eyJhbGciOiJIUzI1NiJ9.eyJ1c2VySWQiOjIsInN1YiI6InRoZDIwMjAiLCJpYXQiOjE3NDI1NDk4NjcsImV4cCI6MTc0MjU4NTg2N30.Hj4BoMnL1eAKjUP1Rr-6b_DOEaCdi6uazirXuQ40Tqg','/api/v1/imaging/records/29_MRI_20250321','success','pas-main','2025-03-21 09:41:07.637474','2'),(313,NULL,'com.thd2020.pasmain.controller.ImagingController',NULL,NULL,'192.168.1.102','INFO','getImagingRecord','GET','Body: 29_MRI_20250321, Bearer eyJhbGciOiJIUzI1NiJ9.eyJ1c2VySWQiOjIsInN1YiI6InRoZDIwMjAiLCJpYXQiOjE3NDI1NDk4NjcsImV4cCI6MTc0MjU4NTg2N30.Hj4BoMnL1eAKjUP1Rr-6b_DOEaCdi6uazirXuQ40Tqg','/api/v1/imaging/records/29_MRI_20250321','success','pas-main','2025-03-21 09:41:07.668078','2'),(314,NULL,'com.thd2020.pasmain.controller.UserController','Status: success, Message: Login successful, Data: com.thd2020.pasmain.dto.JwtResponse@32ae84d8',NULL,'127.0.0.1','INFO','loginUser','POST','Body: com.thd2020.pasmain.dto.AuthenticationRequest@51b1b0bd','/api/v1/users/login','success','pas-main','2025-03-21 09:45:01.138365','anonymous'),(315,NULL,'com.thd2020.pasmain.controller.PatientController',NULL,NULL,'127.0.0.1','INFO','getPatient','GET','Body: 29, Bearer eyJhbGciOiJIUzI1NiJ9.eyJ1c2VySWQiOjIsInN1YiI6InRoZDIwMjAiLCJpYXQiOjE3NDI1NTAzMDEsImV4cCI6MTc0MjU4NjMwMX0.MM4whXjUt3NKzBMBpxt9qxjNEr17cHPFJv4vdt3cMBw','/api/v1/patients/29','success','pas-main','2025-03-21 09:48:11.339737','2'),(316,NULL,'com.thd2020.pasmain.controller.PatientController',NULL,NULL,'127.0.0.1','INFO','getPatient','GET','Body: 29, Bearer eyJhbGciOiJIUzI1NiJ9.eyJ1c2VySWQiOjIsInN1YiI6InRoZDIwMjAiLCJpYXQiOjE3NDI1NTAzMDEsImV4cCI6MTc0MjU4NjMwMX0.MM4whXjUt3NKzBMBpxt9qxjNEr17cHPFJv4vdt3cMBw','/api/v1/patients/29','success','pas-main','2025-03-21 09:48:34.429928','2'),(317,NULL,'com.thd2020.pasmain.controller.PatientController',NULL,NULL,'127.0.0.1','INFO','getPatientByName','GET','Query: patientName=%E6%9D%8E%E7%97%85%E4%BA%BA; Body: 李病人, Bearer eyJhbGciOiJIUzI1NiJ9.eyJ1c2VySWQiOjIsInN1YiI6InRoZDIwMjAiLCJpYXQiOjE3NDI1NTAzMDEsImV4cCI6MTc0MjU4NjMwMX0.MM4whXjUt3NKzBMBpxt9qxjNEr17cHPFJv4vdt3cMBw','/api/v1/patients/name','success','pas-main','2025-03-21 09:48:40.903083','2'),(318,NULL,'com.thd2020.pasmain.controller.PatientController',NULL,NULL,'192.168.1.102','INFO','getPatientByName','GET','Query: patientName=%E6%9D%8E%E7%97%85%E4%BA%BA; Body: 李病人, Bearer eyJhbGciOiJIUzI1NiJ9.eyJ1c2VySWQiOjIsInN1YiI6InRoZDIwMjAiLCJpYXQiOjE3NDI1NDk4NjcsImV4cCI6MTc0MjU4NTg2N30.Hj4BoMnL1eAKjUP1Rr-6b_DOEaCdi6uazirXuQ40Tqg','/api/v1/patients/name','success','pas-main','2025-03-21 09:48:48.522616','2'),(319,NULL,'com.thd2020.pasmain.controller.PatientController',NULL,NULL,'192.168.1.102','INFO','getPatientByName','GET','Query: patientName=%E6%9D%8E%E7%97%85%E4%BA%BA; Body: 李病人, Bearer eyJhbGciOiJIUzI1NiJ9.eyJ1c2VySWQiOjIsInN1YiI6InRoZDIwMjAiLCJpYXQiOjE3NDI1NDk4NjcsImV4cCI6MTc0MjU4NTg2N30.Hj4BoMnL1eAKjUP1Rr-6b_DOEaCdi6uazirXuQ40Tqg','/api/v1/patients/name','success','pas-main','2025-03-21 09:48:50.169449','2'),(320,NULL,'com.thd2020.pasmain.controller.PatientController',NULL,NULL,'192.168.1.102','INFO','getPatientByName','GET','Query: patientName=%E6%9D%8E%E7%97%85%E4%BA%BA; Body: 李病人, Bearer eyJhbGciOiJIUzI1NiJ9.eyJ1c2VySWQiOjIsInN1YiI6InRoZDIwMjAiLCJpYXQiOjE3NDI1NDk4NjcsImV4cCI6MTc0MjU4NTg2N30.Hj4BoMnL1eAKjUP1Rr-6b_DOEaCdi6uazirXuQ40Tqg','/api/v1/patients/name','success','pas-main','2025-03-21 09:48:52.706371','2'),(321,NULL,'com.thd2020.pasmain.controller.UserController','Status: success, Message: Login successful, Data: com.thd2020.pasmain.dto.JwtResponse@7cd97e44',NULL,'192.168.1.102','INFO','loginUser','POST','Body: com.thd2020.pasmain.dto.AuthenticationRequest@307dfc23','/api/v1/users/login','success','pas-main','2025-03-21 09:49:37.130969','anonymous'),(322,NULL,'com.thd2020.pasmain.controller.PatientController',NULL,NULL,'192.168.1.102','INFO','getPatient','GET','Body: 29, Bearer eyJhbGciOiJIUzI1NiJ9.eyJ1c2VySWQiOjIsInN1YiI6InRoZDIwMjAiLCJpYXQiOjE3NDI1NTA1NzcsImV4cCI6MTc0MjU4NjU3N30.wdsQ0GXRcKE6n40LIQkY7CmmbIOekYq2M7jfFdXRlgk','/api/v1/patients/29','success','pas-main','2025-03-21 09:49:41.630834','2'),(323,NULL,'com.thd2020.pasmain.controller.PatientController',NULL,NULL,'192.168.1.102','INFO','getPatientByName','GET','Query: patientName=%E6%9D%8E%E7%97%85%E4%BA%BA; Body: 李病人, Bearer eyJhbGciOiJIUzI1NiJ9.eyJ1c2VySWQiOjIsInN1YiI6InRoZDIwMjAiLCJpYXQiOjE3NDI1NTA1NzcsImV4cCI6MTc0MjU4NjU3N30.wdsQ0GXRcKE6n40LIQkY7CmmbIOekYq2M7jfFdXRlgk','/api/v1/patients/name','success','pas-main','2025-03-21 09:49:48.118707','2'),(324,NULL,'com.thd2020.pasmain.controller.UserController','Status: success, Message: Login successful, Data: com.thd2020.pasmain.dto.JwtResponse@bde4052',NULL,'192.168.1.102','INFO','loginUser','POST','Body: com.thd2020.pasmain.dto.AuthenticationRequest@5029ffe5','/api/v1/users/login','success','pas-main','2025-03-21 09:50:06.396134','anonymous'),(325,NULL,'com.thd2020.pasmain.controller.UserController',NULL,NULL,'192.168.1.102','INFO','getUserDetails','GET','Body: 31, Bearer eyJhbGciOiJIUzI1NiJ9.eyJ1c2VySWQiOjMxLCJzdWIiOiJ0ZXN0X1AiLCJpYXQiOjE3NDI1NTA2MDYsImV4cCI6MTc0MjU4NjYwNn0.-ig2y7h_GFxqGz7no11SDS6cH154lwueUTMrj4HWIp0','/api/v1/users/31/details','success','pas-main','2025-03-21 09:50:06.517871','31'),(326,NULL,'com.thd2020.pasmain.controller.UserController',NULL,NULL,'192.168.1.102','INFO','getRelatedIdsByUserId','GET','Body: Bearer eyJhbGciOiJIUzI1NiJ9.eyJ1c2VySWQiOjMxLCJzdWIiOiJ0ZXN0X1AiLCJpYXQiOjE3NDI1NTA2MDYsImV4cCI6MTc0MjU4NjYwNn0.-ig2y7h_GFxqGz7no11SDS6cH154lwueUTMrj4HWIp0, 31','/api/v1/users/related-ids/31','success','pas-main','2025-03-21 09:50:15.568051','31'),(327,NULL,'com.thd2020.pasmain.controller.UserController',NULL,NULL,'192.168.1.102','INFO','getRelatedIdsByUserId','GET','Body: Bearer eyJhbGciOiJIUzI1NiJ9.eyJ1c2VySWQiOjMxLCJzdWIiOiJ0ZXN0X1AiLCJpYXQiOjE3NDI1NTA2MDYsImV4cCI6MTc0MjU4NjYwNn0.-ig2y7h_GFxqGz7no11SDS6cH154lwueUTMrj4HWIp0, 31','/api/v1/users/related-ids/31','success','pas-main','2025-03-21 09:51:05.902418','31'),(328,NULL,'com.thd2020.pasmain.controller.UserController',NULL,NULL,'127.0.0.1','INFO','getUserDetails','GET','Body: 31, Bearer eyJhbGciOiJIUzI1NiJ9.eyJ1c2VySWQiOjIsInN1YiI6InRoZDIwMjAiLCJpYXQiOjE3NDI1NTAzMDEsImV4cCI6MTc0MjU4NjMwMX0.MM4whXjUt3NKzBMBpxt9qxjNEr17cHPFJv4vdt3cMBw','/api/v1/users/31/details','success','pas-main','2025-03-21 09:51:43.671232','2'),(329,NULL,'com.thd2020.pasmain.controller.UserController',NULL,NULL,'127.0.0.1','INFO','getUserDetails','GET','Body: 31, Bearer eyJhbGciOiJIUzI1NiJ9.eyJ1c2VySWQiOjIsInN1YiI6InRoZDIwMjAiLCJpYXQiOjE3NDI1NTAzMDEsImV4cCI6MTc0MjU4NjMwMX0.MM4whXjUt3NKzBMBpxt9qxjNEr17cHPFJv4vdt3cMBw','/api/v1/users/31/details','success','pas-main','2025-03-21 09:51:58.273546','2'),(330,NULL,'com.thd2020.pasmain.controller.UserController',NULL,NULL,'127.0.0.1','INFO','getUserDetails','GET','Body: 31, Bearer eyJhbGciOiJIUzI1NiJ9.eyJ1c2VySWQiOjIsInN1YiI6InRoZDIwMjAiLCJpYXQiOjE3NDI1NTAzMDEsImV4cCI6MTc0MjU4NjMwMX0.MM4whXjUt3NKzBMBpxt9qxjNEr17cHPFJv4vdt3cMBw','/api/v1/users/31/details','success','pas-main','2025-03-21 09:54:58.265139','2'),(331,NULL,'com.thd2020.pasmain.controller.UserController','Status: success, Message: Login successful, Data: com.thd2020.pasmain.dto.JwtResponse@5c62d9c',NULL,'127.0.0.1','INFO','loginUser','POST','Body: com.thd2020.pasmain.dto.AuthenticationRequest@1ce7f588','/api/v1/users/login','success','pas-main','2025-03-21 09:58:29.683773','anonymous'),(332,NULL,'com.thd2020.pasmain.controller.ImagingController',NULL,NULL,'127.0.0.1','INFO','getImagingRecord','GET','Body: record123, Bearer eyJhbGciOiJIUzI1NiJ9.eyJ1c2VySWQiOjIsInN1YiI6InRoZDIwMjAiLCJpYXQiOjE3NDI1NTExMDksImV4cCI6MTc0MjU4NzEwOX0.xRYjQ9QcfAJapUQcH7-Xn5mIbY1rgXB0lkHCthk3hio','/api/v1/imaging/records/record123','success','pas-main','2025-03-21 09:59:01.219099','2'),(333,NULL,'com.thd2020.pasmain.controller.UserController','Status: success, Message: Login successful, Data: com.thd2020.pasmain.dto.JwtResponse@7d1e0a5b',NULL,'192.168.1.103','INFO','loginUser','POST','Body: com.thd2020.pasmain.dto.AuthenticationRequest@3e98ce89','/api/v1/users/login','success','pas-main','2025-03-24 02:41:19.663876','anonymous'),(334,NULL,'com.thd2020.pasmain.controller.ImagingController','\"Cannot find image locally\"',NULL,'192.168.1.103','INFO','getImage','GET','Body: 1, Bearer eyJhbGciOiJIUzI1NiJ9.eyJ1c2VySWQiOjIsInN1YiI6InRoZDIwMjAiLCJpYXQiOjE3NDI3ODQwNzksImV4cCI6MTc0MjgyMDA3OX0.Ds9IfJv7yZkreYs81lIkGNL_pzpjSbBppcmtRtQidPE','/api/v1/imaging/images/1','404 NOT_FOUND','pas-main','2025-03-24 02:41:21.888562','2'),(335,NULL,'com.thd2020.pasmain.controller.ImagingController','\"Cannot find image locally\"',NULL,'192.168.1.103','INFO','getImage','GET','Body: 1, Bearer eyJhbGciOiJIUzI1NiJ9.eyJ1c2VySWQiOjIsInN1YiI6InRoZDIwMjAiLCJpYXQiOjE3NDI3ODQwNzksImV4cCI6MTc0MjgyMDA3OX0.Ds9IfJv7yZkreYs81lIkGNL_pzpjSbBppcmtRtQidPE','/api/v1/imaging/images/1','404 NOT_FOUND','pas-main','2025-03-24 02:42:59.783463','2'),(336,NULL,'com.thd2020.pasmain.controller.UserController','Status: success, Message: Login successful, Data: com.thd2020.pasmain.dto.JwtResponse@7fddb674',NULL,'192.168.1.103','INFO','loginUser','POST','Body: com.thd2020.pasmain.dto.AuthenticationRequest@407aabba','/api/v1/users/login','success','pas-main','2025-03-24 02:45:16.151449','anonymous'),(337,NULL,'com.thd2020.pasmain.controller.PatientController','Status: failure, Message: No such patient, Data: null',NULL,'192.168.1.103','INFO','getPatient','GET','Body: 31, Bearer eyJhbGciOiJIUzI1NiJ9.eyJ1c2VySWQiOjIsInN1YiI6InRoZDIwMjAiLCJpYXQiOjE3NDI3ODQwNzksImV4cCI6MTc0MjgyMDA3OX0.Ds9IfJv7yZkreYs81lIkGNL_pzpjSbBppcmtRtQidPE','/api/v1/patients/31','failure','pas-main','2025-03-24 02:45:32.298965','2'),(338,NULL,'com.thd2020.pasmain.controller.PatientController',NULL,NULL,'192.168.1.103','INFO','getPatientByName','GET','Query: patientName=%E6%9D%8E%E7%97%85%E4%BA%BA; Body: 李病人, Bearer eyJhbGciOiJIUzI1NiJ9.eyJ1c2VySWQiOjIsInN1YiI6InRoZDIwMjAiLCJpYXQiOjE3NDI3ODQwNzksImV4cCI6MTc0MjgyMDA3OX0.Ds9IfJv7yZkreYs81lIkGNL_pzpjSbBppcmtRtQidPE','/api/v1/patients/name','success','pas-main','2025-03-24 02:45:40.228670','2'),(339,NULL,'com.thd2020.pasmain.controller.PatientController','Status: failure, Message: No such patient, Data: null',NULL,'192.168.1.103','INFO','getPatient','GET','Body: 32, Bearer eyJhbGciOiJIUzI1NiJ9.eyJ1c2VySWQiOjIsInN1YiI6InRoZDIwMjAiLCJpYXQiOjE3NDI3ODQwNzksImV4cCI6MTc0MjgyMDA3OX0.Ds9IfJv7yZkreYs81lIkGNL_pzpjSbBppcmtRtQidPE','/api/v1/patients/32','failure','pas-main','2025-03-24 02:45:49.166335','2'),(340,NULL,'com.thd2020.pasmain.controller.PatientController',NULL,NULL,'192.168.1.103','INFO','getPatient','GET','Body: 29, Bearer eyJhbGciOiJIUzI1NiJ9.eyJ1c2VySWQiOjIsInN1YiI6InRoZDIwMjAiLCJpYXQiOjE3NDI3ODQwNzksImV4cCI6MTc0MjgyMDA3OX0.Ds9IfJv7yZkreYs81lIkGNL_pzpjSbBppcmtRtQidPE','/api/v1/patients/29','success','pas-main','2025-03-24 02:45:52.274017','2'),(341,NULL,'com.thd2020.pasmain.controller.PatientController',NULL,NULL,'192.168.1.103','INFO','getPatient','GET','Body: 1, Bearer eyJhbGciOiJIUzI1NiJ9.eyJ1c2VySWQiOjIsInN1YiI6InRoZDIwMjAiLCJpYXQiOjE3NDI3ODQwNzksImV4cCI6MTc0MjgyMDA3OX0.Ds9IfJv7yZkreYs81lIkGNL_pzpjSbBppcmtRtQidPE','/api/v1/patients/1','success','pas-main','2025-03-24 02:45:54.143463','2'),(342,NULL,'com.thd2020.pasmain.controller.PatientController','Status: failure, Message: No such patient, Data: null',NULL,'192.168.1.103','INFO','getPatient','GET','Body: 2, Bearer eyJhbGciOiJIUzI1NiJ9.eyJ1c2VySWQiOjIsInN1YiI6InRoZDIwMjAiLCJpYXQiOjE3NDI3ODQwNzksImV4cCI6MTc0MjgyMDA3OX0.Ds9IfJv7yZkreYs81lIkGNL_pzpjSbBppcmtRtQidPE','/api/v1/patients/2','failure','pas-main','2025-03-24 02:45:56.123780','2'),(343,NULL,'com.thd2020.pasmain.controller.ImagingController','\"Cannot find image locally\"',NULL,'192.168.1.103','INFO','getImage','GET','Body: 1, Bearer eyJhbGciOiJIUzI1NiJ9.eyJ1c2VySWQiOjIsInN1YiI6InRoZDIwMjAiLCJpYXQiOjE3NDI3ODQwNzksImV4cCI6MTc0MjgyMDA3OX0.Ds9IfJv7yZkreYs81lIkGNL_pzpjSbBppcmtRtQidPE','/api/v1/imaging/images/1','404 NOT_FOUND','pas-main','2025-03-24 02:49:48.621267','2'),(344,NULL,'com.thd2020.pasmain.controller.ImagingController','\"Cannot find image locally\"',NULL,'192.168.1.103','INFO','getImage','GET','Body: 39, Bearer eyJhbGciOiJIUzI1NiJ9.eyJ1c2VySWQiOjIsInN1YiI6InRoZDIwMjAiLCJpYXQiOjE3NDI3ODQwNzksImV4cCI6MTc0MjgyMDA3OX0.Ds9IfJv7yZkreYs81lIkGNL_pzpjSbBppcmtRtQidPE','/api/v1/imaging/images/39','404 NOT_FOUND','pas-main','2025-03-24 02:49:55.957309','2'),(345,NULL,'com.thd2020.pasmain.controller.PatientController',NULL,NULL,'192.168.1.103','INFO','getPatient','GET','Body: 29, Bearer eyJhbGciOiJIUzI1NiJ9.eyJ1c2VySWQiOjIsInN1YiI6InRoZDIwMjAiLCJpYXQiOjE3NDI3ODQzMTYsImV4cCI6MTc0MjgyMDMxNn0.YboyNwi9zsizVWMmYQ8Qj2JfWi3XypTUYu1PruG7xwI','/api/v1/patients/29','success','pas-main','2025-03-24 02:53:46.364552','2'),(346,NULL,'com.thd2020.pasmain.controller.PatientController',NULL,NULL,'192.168.1.103','INFO','getPatient','GET','Body: 29, Bearer eyJhbGciOiJIUzI1NiJ9.eyJ1c2VySWQiOjIsInN1YiI6InRoZDIwMjAiLCJpYXQiOjE3NDI3ODQzMTYsImV4cCI6MTc0MjgyMDMxNn0.YboyNwi9zsizVWMmYQ8Qj2JfWi3XypTUYu1PruG7xwI','/api/v1/patients/29','success','pas-main','2025-03-24 02:54:25.139669','2'),(347,NULL,'com.thd2020.pasmain.controller.UserController','Status: error, Message: Phone number already exists, Data: null',NULL,'192.168.1.103','INFO','registerUser','POST','Body: UserRegistrationRequest(username=test_P2, password=123, email=test_P2@example.com, phone=13353331111, role=PATIENT, name=李2, passId=330327222222222225)','/api/v1/users/register','error','pas-main','2025-03-24 02:55:23.206175','2'),(348,NULL,'com.thd2020.pasmain.controller.PatientController','Status: failure, Message: No such patient, Data: null',NULL,'192.168.1.103','INFO','getPatient','GET','Body: 32, Bearer eyJhbGciOiJIUzI1NiJ9.eyJ1c2VySWQiOjIsInN1YiI6InRoZDIwMjAiLCJpYXQiOjE3NDI3ODQwNzksImV4cCI6MTc0MjgyMDA3OX0.Ds9IfJv7yZkreYs81lIkGNL_pzpjSbBppcmtRtQidPE','/api/v1/patients/32','failure','pas-main','2025-03-24 02:56:58.050877','2'),(349,NULL,'com.thd2020.pasmain.controller.UserController','Status: success, Message: Related IDs fetched successfully, Data: {surgeryAndBloodTestIds=[], MedicalRecordIds=[], ultrasoundScoreIds=[], patientId=30, imagingRecordIds=[]}',NULL,'192.168.1.103','INFO','getRelatedIdsByUserId','GET','Body: Bearer eyJhbGciOiJIUzI1NiJ9.eyJ1c2VySWQiOjIsInN1YiI6InRoZDIwMjAiLCJpYXQiOjE3NDI3ODQwNzksImV4cCI6MTc0MjgyMDA3OX0.Ds9IfJv7yZkreYs81lIkGNL_pzpjSbBppcmtRtQidPE, 32','/api/v1/users/related-ids/32','success','pas-main','2025-03-24 02:57:08.036686','2'),(350,NULL,'com.thd2020.pasmain.controller.UserController','Status: success, Message: Related IDs fetched successfully, Data: {surgeryAndBloodTestIds=[], MedicalRecordIds=[], ultrasoundScoreIds=[], patientId=30, imagingRecordIds=[]}',NULL,'192.168.1.103','INFO','getRelatedIdsByUserId','GET','Body: Bearer eyJhbGciOiJIUzI1NiJ9.eyJ1c2VySWQiOjIsInN1YiI6InRoZDIwMjAiLCJpYXQiOjE3NDI3ODQwNzksImV4cCI6MTc0MjgyMDA3OX0.Ds9IfJv7yZkreYs81lIkGNL_pzpjSbBppcmtRtQidPE, 32','/api/v1/users/related-ids/32','success','pas-main','2025-03-24 02:57:45.525191','2'),(351,NULL,'com.thd2020.pasmain.controller.UserController','Status: success, Message: Related IDs fetched successfully, Data: {surgeryAndBloodTestIds=[], MedicalRecordIds=[], ultrasoundScoreIds=[], patientId=30, imagingRecordIds=[]}',NULL,'192.168.1.103','INFO','getRelatedIdsByUserId','GET','Body: Bearer eyJhbGciOiJIUzI1NiJ9.eyJ1c2VySWQiOjIsInN1YiI6InRoZDIwMjAiLCJpYXQiOjE3NDI3ODQzMTYsImV4cCI6MTc0MjgyMDMxNn0.YboyNwi9zsizVWMmYQ8Qj2JfWi3XypTUYu1PruG7xwI, 32','/api/v1/users/related-ids/32','success','pas-main','2025-03-24 03:03:18.133716','2'),(352,NULL,'com.thd2020.pasmain.controller.UserController',NULL,NULL,'192.168.1.103','INFO','getRelatedIdsByUserId','GET','Body: Bearer eyJhbGciOiJIUzI1NiJ9.eyJ1c2VySWQiOjIsInN1YiI6InRoZDIwMjAiLCJpYXQiOjE3NDI3ODQzMTYsImV4cCI6MTc0MjgyMDMxNn0.YboyNwi9zsizVWMmYQ8Qj2JfWi3XypTUYu1PruG7xwI, 32','/api/v1/users/related-ids/32','success','pas-main','2025-03-24 03:04:45.930750','2'),(353,NULL,'com.thd2020.pasmain.controller.UserController',NULL,NULL,'192.168.1.103','INFO','getRelatedIdsByUserId','GET','Body: Bearer eyJhbGciOiJIUzI1NiJ9.eyJ1c2VySWQiOjIsInN1YiI6InRoZDIwMjAiLCJpYXQiOjE3NDI3ODQzMTYsImV4cCI6MTc0MjgyMDMxNn0.YboyNwi9zsizVWMmYQ8Qj2JfWi3XypTUYu1PruG7xwI, 32','/api/v1/users/related-ids/32','success','pas-main','2025-03-24 03:04:54.152737','2'),(354,NULL,'com.thd2020.pasmain.controller.PatientController',NULL,NULL,'192.168.1.103','INFO','getPatient','GET','Body: 30, Bearer eyJhbGciOiJIUzI1NiJ9.eyJ1c2VySWQiOjIsInN1YiI6InRoZDIwMjAiLCJpYXQiOjE3NDI3ODQwNzksImV4cCI6MTc0MjgyMDA3OX0.Ds9IfJv7yZkreYs81lIkGNL_pzpjSbBppcmtRtQidPE','/api/v1/patients/30','success','pas-main','2025-03-24 03:05:18.974739','2'),(355,NULL,'com.thd2020.pasmain.controller.UserController','Status: success, Message: Login successful, Data: com.thd2020.pasmain.dto.JwtResponse@594c38fc',NULL,'127.0.0.1','INFO','loginUser','POST','Body: com.thd2020.pasmain.dto.AuthenticationRequest@13be8421','/api/v1/users/login','success','pas-main','2025-03-24 03:24:28.847312','anonymous'),(356,NULL,'com.thd2020.pasmain.controller.PatientController',NULL,NULL,'127.0.0.1','INFO','getPatient','GET','Body: 30, Bearer eyJhbGciOiJIUzI1NiJ9.eyJ1c2VySWQiOjIsInN1YiI6InRoZDIwMjAiLCJpYXQiOjE3NDI3ODY2NjgsImV4cCI6MTc0MjgyMjY2OH0.urCQDRfB0CT2F0RAOs1Dtk7Aj-nCc6vgR3M1tGrX3SA','/api/v1/patients/30','success','pas-main','2025-03-24 03:25:27.502923','2'),(357,NULL,'com.thd2020.pasmain.controller.PatientController',NULL,NULL,'127.0.0.1','INFO','getPatient','GET','Body: 30, Bearer eyJhbGciOiJIUzI1NiJ9.eyJ1c2VySWQiOjIsInN1YiI6InRoZDIwMjAiLCJpYXQiOjE3NDI3ODY2NjgsImV4cCI6MTc0MjgyMjY2OH0.urCQDRfB0CT2F0RAOs1Dtk7Aj-nCc6vgR3M1tGrX3SA','/api/v1/patients/30','success','pas-main','2025-03-24 03:26:24.058973','2'),(358,NULL,'com.thd2020.pasmain.controller.PatientController',NULL,NULL,'127.0.0.1','INFO','getPatient','GET','Body: 30, Bearer eyJhbGciOiJIUzI1NiJ9.eyJ1c2VySWQiOjIsInN1YiI6InRoZDIwMjAiLCJpYXQiOjE3NDI3ODY2NjgsImV4cCI6MTc0MjgyMjY2OH0.urCQDRfB0CT2F0RAOs1Dtk7Aj-nCc6vgR3M1tGrX3SA','/api/v1/patients/30','success','pas-main','2025-03-24 03:29:53.747269','2'),(359,NULL,'com.thd2020.pasmain.controller.UserController','Status: success, Message: Login successful, Data: com.thd2020.pasmain.dto.JwtResponse@60a46f87',NULL,'127.0.0.1','INFO','loginUser','POST','Body: com.thd2020.pasmain.dto.AuthenticationRequest@401b28ea','/api/v1/users/login','success','pas-main','2025-03-24 03:39:08.154857','anonymous'),(360,NULL,'com.thd2020.pasmain.controller.PatientController',NULL,NULL,'127.0.0.1','INFO','getPatient','GET','Body: 30, Bearer eyJhbGciOiJIUzI1NiJ9.eyJ1c2VySWQiOjIsInN1YiI6InRoZDIwMjAiLCJpYXQiOjE3NDI3ODc1NDgsImV4cCI6MTc0MjgyMzU0OH0.Yr9WgbI45eiyLVQLtjQRT9u6K01IDBAZMoZqh2HHD7g','/api/v1/patients/30','success','pas-main','2025-03-24 03:39:24.031366','2'),(361,NULL,'com.thd2020.pasmain.controller.UserController','Status: success, Message: Login successful, Data: com.thd2020.pasmain.dto.JwtResponse@794b27d9',NULL,'127.0.0.1','INFO','loginUser','POST','Body: com.thd2020.pasmain.dto.AuthenticationRequest@6de3aae4','/api/v1/users/login','success','pas-main','2025-03-24 03:43:21.762860','anonymous'),(362,NULL,'com.thd2020.pasmain.controller.PatientController','Status: success, Message: Patient fetched successfully, Data: Patient(patientId=30, passId=330327222222222225, name=李2, gender=null, fromHospital=null, referralStatus=null, birthDate=null, address=null)',NULL,'127.0.0.1','INFO','getPatient','GET','Body: 30, Bearer eyJhbGciOiJIUzI1NiJ9.eyJ1c2VySWQiOjIsInN1YiI6InRoZDIwMjAiLCJpYXQiOjE3NDI3ODc4MDEsImV4cCI6MTc0MjgyMzgwMX0.3WJOq3F6QnLPBWW1L_MarRsjVOt3F_S4N3Gn1KaP-qU','/api/v1/patients/30','success','pas-main','2025-03-24 03:43:34.791599','2'),(363,NULL,'com.thd2020.pasmain.controller.UserController','Status: success, Message: Login successful, Data: com.thd2020.pasmain.dto.JwtResponse@77352962',NULL,'192.168.1.103','INFO','loginUser','POST','Body: com.thd2020.pasmain.dto.AuthenticationRequest@57a6a77f','/api/v1/users/login','success','pas-main','2025-03-24 03:47:00.511496','anonymous'),(364,NULL,'com.thd2020.pasmain.controller.UserController','Status: success, Message: Login successful, Data: com.thd2020.pasmain.dto.JwtResponse@add0e9a',NULL,'127.0.0.1','INFO','loginUser','POST','Body: com.thd2020.pasmain.dto.AuthenticationRequest@66a75566','/api/v1/users/login','success','pas-main','2025-03-24 03:47:05.332583','anonymous'),(365,NULL,'com.thd2020.pasmain.controller.PatientController','Status: success, Message: Patient fetched successfully, Data: Patient(patientId=29, passId=330327222222222224, name=李病人, gender=null, fromHospital=null, referralStatus=null, birthDate=null, address=null)',NULL,'192.168.1.103','INFO','getPatient','GET','Body: 29, Bearer eyJhbGciOiJIUzI1NiJ9.eyJ1c2VySWQiOjIsInN1YiI6InRoZDIwMjAiLCJpYXQiOjE3NDI3ODgwMjAsImV4cCI6MTc0MjgyNDAyMH0.DAm2xSlQ5ISsFccGkgh1oMxldlgrqoBv8uLPLVjAlrU','/api/v1/patients/29','success','pas-main','2025-03-24 03:47:05.798950','2'),(366,NULL,'com.thd2020.pasmain.controller.PatientController','Status: success, Message: Patient fetched successfully, Data: Patient(patientId=29, passId=330327222222222224, name=李病人, gender=null, fromHospital=null, referralStatus=null, birthDate=null, address=null)',NULL,'192.168.1.103','INFO','getPatient','GET','Body: 29, Bearer eyJhbGciOiJIUzI1NiJ9.eyJ1c2VySWQiOjIsInN1YiI6InRoZDIwMjAiLCJpYXQiOjE3NDI3ODgwMjAsImV4cCI6MTc0MjgyNDAyMH0.DAm2xSlQ5ISsFccGkgh1oMxldlgrqoBv8uLPLVjAlrU','/api/v1/patients/29','success','pas-main','2025-03-24 03:47:07.799636','2'),(367,NULL,'com.thd2020.pasmain.controller.PatientController','Status: success, Message: Patient fetched successfully, Data: Patient(patientId=29, passId=330327222222222224, name=李病人, gender=null, fromHospital=null, referralStatus=null, birthDate=null, address=null)',NULL,'192.168.1.103','INFO','getPatient','GET','Body: 29, Bearer eyJhbGciOiJIUzI1NiJ9.eyJ1c2VySWQiOjIsInN1YiI6InRoZDIwMjAiLCJpYXQiOjE3NDI3ODgwMjAsImV4cCI6MTc0MjgyNDAyMH0.DAm2xSlQ5ISsFccGkgh1oMxldlgrqoBv8uLPLVjAlrU','/api/v1/patients/29','success','pas-main','2025-03-24 03:47:12.802739','2'),(368,NULL,'com.thd2020.pasmain.controller.PatientController','Status: success, Message: Patient fetched successfully, Data: Patient(patientId=30, passId=330327222222222225, name=李2, gender=null, fromHospital=null, referralStatus=null, birthDate=null, address=null)',NULL,'127.0.0.1','INFO','getPatient','GET','Body: 30, Bearer eyJhbGciOiJIUzI1NiJ9.eyJ1c2VySWQiOjIsInN1YiI6InRoZDIwMjAiLCJpYXQiOjE3NDI3ODgwMjUsImV4cCI6MTc0MjgyNDAyNX0.v1YHQM0XS6Sw3lOhNNoEd5CRzpYzWFpMe0squVVEMPs','/api/v1/patients/30','success','pas-main','2025-03-24 03:47:27.056829','2');
/*!40000 ALTER TABLE `log_entries` ENABLE KEYS */;

--
-- Table structure for table `mask`
--

DROP TABLE IF EXISTS `mask`;
/*!40101 SET @saved_cs_client     = @@character_set_client */;
/*!50503 SET character_set_client = utf8mb4 */;
CREATE TABLE `mask` (
  `mask_id` bigint NOT NULL AUTO_INCREMENT,
  `segmentation_json_path` varchar(255) DEFAULT NULL,
  `segmentation_mask_path` varchar(255) NOT NULL,
  `segmentation_source` enum('DOCTOR','MODEL') NOT NULL,
  `image_id` bigint NOT NULL,
  PRIMARY KEY (`mask_id`),
  KEY `FKdkpcymtkl5b78ex39lw10wxhq` (`image_id`),
  CONSTRAINT `FKdkpcymtkl5b78ex39lw10wxhq` FOREIGN KEY (`image_id`) REFERENCES `image` (`image_id`)
) ENGINE=InnoDB AUTO_INCREMENT=385 DEFAULT CHARSET=utf8mb4 COLLATE=utf8mb4_0900_ai_ci;
/*!40101 SET character_set_client = @saved_cs_client */;

--
-- Dumping data for table `mask`
--

/*!40000 ALTER TABLE `mask` DISABLE KEYS */;
INSERT INTO `mask` VALUES (1,NULL,'/home/thd2020/pas/1/record123/masks/1.2.840.113663.1500.1.386983529.3.10.20220620.140_output.jpg','MODEL',13),(2,NULL,'/home/thd2020/pas/1/record123/masks/mmexport1716130574783_mask.jpg','MODEL',18),(3,NULL,'/home/thd2020/pas/1/record123/masks/mmexport1716130574783_mask.jpg','MODEL',19),(4,NULL,'/home/thd2020/pas/1/record123/masks/mmexport1716130574783_mask.jpg','MODEL',20),(5,NULL,'/home/thd2020/pas/1/record123/masks/mmexport1716130574783_mask.jpg','MODEL',21),(6,NULL,'/home/thd2020/pas/1/record123/masks/mmexport1716130574783_mask.jpg','MODEL',22),(7,NULL,'/home/thd2020/pas/1/record123/masks/mmexport1716130574783_mask.jpg','MODEL',23),(8,NULL,'/home/thd2020/pas/1/record123/masks/mmexport1716130574783_mask.jpg','MODEL',24),(9,NULL,'/home/thd2020/pas/1/record123/masks/mmexport1716130574783_mask.jpg','MODEL',25),(10,NULL,'/home/thd2020/pas/1/record123/masks/mmexport1716130574783_mask.jpg','MODEL',26),(11,NULL,'/home/thd2020/pas/1/record123/masks/mmexport1716130574783_mask.jpg','MODEL',27),(12,NULL,'/home/thd2020/pas/1/record123/masks/22_mask.jpg','MODEL',28),(13,NULL,'/home/thd2020/pas/1/record123/masks/22_mask.jpg','MODEL',29),(14,NULL,'/home/thd2020/pas/1/record123/masks/22_mask.jpg','MODEL',30),(15,NULL,'/home/thd2020/pas/1/record123/masks/22_mask.jpg','MODEL',31),(16,NULL,'/home/thd2020/pas/1/record123/masks/25_mask.jpg','MODEL',33),(17,NULL,'/home/thd2020/pas/1/record123/masks/23_mask.jpg','MODEL',34),(18,NULL,'/home/thd2020/pas/1/record123/masks/39_mask.jpg','MODEL',35),(19,NULL,'/home/thd2020/pas/1/record123/masks/[object Object]_mask.jpg','MODEL',36),(20,NULL,'/home/thd2020/pas/1/record123/masks/[object Object]_mask.jpg','MODEL',37),(21,NULL,'/home/thd2020/pas/1/record123/masks/30_mask.jpg','MODEL',38),(22,NULL,'/home/thd2020/pas/1/record123/masks/29_mask.jpg','MODEL',39),(23,NULL,'/home/thd2020/pas/1/record123/masks/28_mask.jpg','MODEL',40),(24,NULL,'/home/thd2020/pas/1/record123/masks/38_mask.jpg','MODEL',42),(25,NULL,'/home/thd2020/pas/1/record123/masks/38_mask.jpg','MODEL',41),(26,NULL,'/home/thd2020/pas/1/record123/masks/22_mask.jpg','MODEL',43),(27,NULL,'/home/thd2020/pas/1/record123/masks/25_mask.jpg','MODEL',44),(28,NULL,'/home/thd2020/pas/1/record123/masks/22_mask.jpg','MODEL',45),(29,NULL,'/home/thd2020/pas/1/record123/masks/37_mask.jpg','MODEL',46),(30,NULL,'/home/thd2020/pas/1/record123/masks/25_mask.jpg','MODEL',47),(31,NULL,'/home/thd2020/pas/1/record123/masks/22_mask.jpg','MODEL',48),(32,NULL,'/home/thd2020/pas/1/record123/masks/22_mask.jpg','MODEL',49),(33,NULL,'/home/thd2020/pas/1/record123/masks/22_mask.jpg','MODEL',50),(34,NULL,'/home/thd2020/pas/1/record123/masks/22_mask.jpg','MODEL',51),(35,NULL,'/home/thd2020/pas/1/record123/masks/28_mask.jpg','MODEL',52),(36,NULL,'/home/thd2020/pas/1/record123/masks/29_mask.jpg','MODEL',53),(37,NULL,'/home/thd2020/pas/1/record123/masks/4_mask.jpg','MODEL',54),(38,NULL,'/home/thd2020/pas/1/record123/masks/38_mask.jpg','MODEL',55),(39,NULL,'/home/thd2020/pas/1/record123/masks/38_mask.jpg','MODEL',56),(40,NULL,'/home/thd2020/pas/1/record123/masks/2_mask.jpg','MODEL',57),(41,NULL,'/home/thd2020/pas/1/record123/masks/2_mask.jpg','MODEL',58),(42,NULL,'/home/thd2020/pas/1/record123/masks/30_mask.jpg','MODEL',59),(43,NULL,'/home/thd2020/pas/1/record123/masks/30_mask.jpg','MODEL',60),(44,NULL,'/home/thd2020/pas/1/record123/masks/30_mask.jpg','MODEL',61),(45,NULL,'/home/thd2020/pas/1/record123/masks/30_mask.jpg','MODEL',62),(46,NULL,'/home/lmj/xyx/pas/1/record123/masks/膀胱_mask.jpg','MODEL',66),(47,NULL,'/home/lmj/xyx/pas/1/record123/masks/膀胱_mask.jpg','MODEL',67),(48,NULL,'/home/lmj/xyx/pas/1/record123/masks/膀胱_mask.jpg','MODEL',68),(49,NULL,'/home/lmj/xyx/pas/1/record123/masks/膀胱_mask.jpg','MODEL',69),(50,NULL,'/home/lmj/xyx/pas/1/record123/masks/膀胱_mask.jpg','MODEL',70),(51,NULL,'/home/lmj/xyx/pas/1/record123/masks/膀胱_mask.jpg','MODEL',71),(52,NULL,'/home/lmj/xyx/pas/1/record123/masks/膀胱_mask.jpg','MODEL',72),(53,NULL,'/home/lmj/xyx/pas/1/record123/masks/膀胱_mask.jpg','MODEL',73),(54,NULL,'/home/lmj/xyx/pas/1/record123/masks/膀胱_mask.jpg','MODEL',74),(55,NULL,'/home/lmj/xyx/pas/1/record123/masks/膀胱_mask.jpg','MODEL',75),(56,NULL,'/home/lmj/xyx/pas/1/record123/masks/1_mask.jpg','MODEL',65),(57,NULL,'/home/lmj/xyx/pas/1/record123/masks/1_mask.jpg','MODEL',65),(58,NULL,'/home/lmj/xyx/pas/1/record123/masks/1_mask.jpg','MODEL',65),(59,NULL,'/home/lmj/xyx/pas/1/record123/masks/1_mask.jpg','MODEL',65),(60,NULL,'/home/lmj/xyx/pas/1/record123/masks/1_mask.jpg','MODEL',65),(61,NULL,'/home/lmj/xyx/pas/1/record123/masks/4_mask.jpg','MODEL',54),(62,NULL,'/home/lmj/xyx/pas/1/record123/masks/屏幕截图 2024-09-08 122018_mask.jpg','MODEL',86),(63,NULL,'/home/lmj/xyx/pas/1/record123/masks/40_mask.jpg','MODEL',87),(64,NULL,'/home/lmj/xyx/pas/1/record123/masks/40_mask.jpg','MODEL',88),(65,NULL,'/home/lmj/xyx/pas/1/record123/masks/36_mask.jpg','MODEL',89),(66,NULL,'/home/lmj/xyx/pas/1/record123/masks/40_mask.jpg','MODEL',84),(67,NULL,'/home/lmj/xyx/pas/1/record123/masks/36_mask.jpg','MODEL',90),(68,NULL,'/home/lmj/xyx/pas/1/record123/masks/34_mask.jpg','MODEL',91),(69,NULL,'/home/lmj/xyx/pas/1/record123/masks/34_mask.jpg','MODEL',92),(70,NULL,'/home/lmj/xyx/pas/1/record123/masks/36_mask.jpg','MODEL',93),(71,NULL,'/home/lmj/xyx/pas/1/record123/masks/37_mask.jpg','MODEL',94),(72,NULL,'/home/lmj/xyx/pas/1/record123/masks/36_mask.jpg','MODEL',95),(73,NULL,'/home/lmj/xyx/pas/1/record123/masks/16_mask.jpg','MODEL',108),(74,NULL,'/home/lmj/xyx/pas/1/record123/masks/9_mask.jpg','MODEL',109),(75,NULL,'/home/lmj/xyx/pas/1/record123/masks/102_mask.jpg','MODEL',110),(76,NULL,'/home/lmj/xyx/pas/1/record123/masks/111_mask.jpg','MODEL',112),(77,NULL,'/home/lmj/xyx/pas/1/record123/masks/117_mask.jpg','MODEL',130),(78,NULL,'/home/lmj/xyx/pas/1/record123/masks/39_mask.jpg','MODEL',131),(79,NULL,'/home/lmj/xyx/pas/1/record123/masks/99_mask.jpg','MODEL',132),(80,NULL,'/home/lmj/xyx/pas/1/record123/masks/36_mask.jpg','MODEL',133),(81,NULL,'/home/lmj/xyx/pas/1/record123/masks/36_mask.jpg','MODEL',134),(82,NULL,'/home/lmj/xyx/pas/1/record123/masks/36_mask.jpg','MODEL',135),(83,NULL,'/home/lmj/xyx/pas/1/record123/masks/35_mask.jpg','MODEL',145),(84,NULL,'/home/lmj/xyx/pas/1/record123/masks/35_mask.jpg','MODEL',146),(85,NULL,'/home/lmj/xyx/pas/1/record123/masks/22_mask.jpg','MODEL',147),(86,NULL,'/home/lmj/xyx/pas/1/record123/masks/22_mask.jpg','MODEL',148),(87,NULL,'/home/lmj/xyx/pas/1/record123/masks/35_mask.jpg','MODEL',149),(88,NULL,'/home/lmj/xyx/pas/1/record123/masks/1.2.410.200001.1.1131.576368758.3.20210709.1160914098.797.2_mask.jpg','MODEL',150),(89,NULL,'/home/lmj/xyx/pas/1/record123/masks/1.2.410.200001.1.1131.576368758.3.20210709.1160914098.797.2_mask.jpg','MODEL',151),(90,NULL,'/home/lmj/xyx/pas/1/record123/masks/1.2.410.200001.1.11801.2600264927.3.20210713.1163922933.386.50_mask.jpg','MODEL',152),(91,NULL,'/home/lmj/xyx/pas/1/record123/masks/1.2.410.200001.1.11801.2600264927.3.20210713.1163922933.386.50_mask.jpg','MODEL',153),(92,NULL,'/home/lmj/xyx/pas/1/record123/masks/1.2.410.200001.1.11801.2600264927.3.20210713.1163922933.386.50_mask.jpg','MODEL',154),(93,NULL,'/home/lmj/xyx/pas/1/record123/masks/1.2.410.200001.1.1131.576368758.3.20210709.1160914098.797.2_mask.jpg','MODEL',155),(94,NULL,'/home/lmj/xyx/pas/1/record123/masks/1.2.410.200001.1.1131.576368758.3.20210709.1160914098.797.2_mask.jpg','MODEL',156),(95,NULL,'/home/lmj/xyx/pas/1/record123/masks/1.2.410.200001.1.1131.576368758.3.20210709.1160914098.797.2_mask.jpg','MODEL',157),(96,NULL,'/home/lmj/xyx/pas/1/record123/masks/1.2.410.200001.1.1131.576368758.3.20210709.1160914098.797.2_mask.jpg','MODEL',158),(97,NULL,'/home/lmj/xyx/pas/1/record123/masks/Hearthstone Screenshot 01-18-25 02.24.57_placenta_mask.jpg','MODEL',211),(98,NULL,'/home/lmj/xyx/pas/1/record123/masks/Hearthstone Screenshot 01-07-25 01.21.26_placenta_mask.jpg','MODEL',213),(99,NULL,'/home/lmj/xyx/pas/1/record123/masks/Capture001_placenta_mask.jpg','MODEL',214),(100,NULL,'/home/lmj/xyx/pas/1/record123/masks/15_14_placenta_mask.jpg','MODEL',215),(101,NULL,'/home/lmj/xyx/pas/1/record123/masks/22_placenta_mask.jpg','MODEL',216),(102,NULL,'/home/lmj/xyx/pas/1/record123/masks/31_30_placenta_mask.jpg','MODEL',217),(103,NULL,'/home/lmj/xyx/pas/1/record123/masks/27_26_myometrium_mask.jpg','MODEL',220),(104,NULL,'/home/lmj/xyx/pas/1/record123/masks/27_26_placenta accreta_mask.jpg','MODEL',220),(105,NULL,'/home/lmj/xyx/pas/1/record123/masks/27_26_bladder_mask.jpg','MODEL',220),(106,NULL,'/home/lmj/xyx/pas/1/record123/masks/27_26_placenta_mask.jpg','MODEL',220),(107,NULL,'/home/lmj/xyx/pas/1/record123/masks/IMG_9777_myometrium_mask.jpg','MODEL',221),(108,NULL,'/home/lmj/xyx/pas/1/record123/masks/IMG_9777_placenta accreta_mask.jpg','MODEL',221),(109,NULL,'/home/lmj/xyx/pas/1/record123/masks/IMG_9777_bladder_mask.jpg','MODEL',221),(110,NULL,'/home/lmj/xyx/pas/1/record123/masks/IMG_9777_placenta_mask.jpg','MODEL',221),(111,NULL,'/home/lmj/xyx/pas/1/record123/masks/27_26_myometrium_mask.jpg','MODEL',220),(112,NULL,'/home/lmj/xyx/pas/1/record123/masks/27_26_placenta accreta_mask.jpg','MODEL',220),(113,NULL,'/home/lmj/xyx/pas/1/record123/masks/27_26_bladder_mask.jpg','MODEL',220),(114,NULL,'/home/lmj/xyx/pas/1/record123/masks/27_26_placenta_mask.jpg','MODEL',220),(115,NULL,'/home/lmj/xyx/pas/1/record123/masks/IMG_9777_myometrium_mask.jpg','MODEL',221),(116,NULL,'/home/lmj/xyx/pas/1/record123/masks/IMG_9777_placenta accreta_mask.jpg','MODEL',221),(117,NULL,'/home/lmj/xyx/pas/1/record123/masks/IMG_9777_bladder_mask.jpg','MODEL',221),(118,NULL,'/home/lmj/xyx/pas/1/record123/masks/IMG_9777_placenta_mask.jpg','MODEL',221),(119,NULL,'/home/lmj/xyx/pas/1/record123/masks/IMG_9777_myometrium_mask.jpg','MODEL',221),(120,NULL,'/home/lmj/xyx/pas/1/record123/masks/IMG_9777_placenta accreta_mask.jpg','MODEL',221),(121,NULL,'/home/lmj/xyx/pas/1/record123/masks/IMG_9777_bladder_mask.jpg','MODEL',221),(122,NULL,'/home/lmj/xyx/pas/1/record123/masks/IMG_9777_placenta_mask.jpg','MODEL',221),(123,NULL,'/home/lmj/xyx/pas/1/record123/masks/27_26_myometrium_mask.jpg','MODEL',220),(124,NULL,'/home/lmj/xyx/pas/1/record123/masks/27_26_placenta accreta_mask.jpg','MODEL',220),(125,NULL,'/home/lmj/xyx/pas/1/record123/masks/27_26_bladder_mask.jpg','MODEL',220),(126,NULL,'/home/lmj/xyx/pas/1/record123/masks/27_26_placenta_mask.jpg','MODEL',220),(127,NULL,'/home/lmj/xyx/pas/1/record123/masks/27_26_myometrium_mask.jpg','MODEL',220),(128,NULL,'/home/lmj/xyx/pas/1/record123/masks/27_26_bladder_mask.jpg','MODEL',220),(129,NULL,'/home/lmj/xyx/pas/1/record123/masks/27_26_placenta_mask.jpg','MODEL',220),(130,NULL,'/home/lmj/xyx/pas/1/record123/masks/Hearthstone Screenshot 01-17-25 01.42.12_myometrium_mask.jpg','MODEL',210),(131,NULL,'/home/lmj/xyx/pas/1/record123/masks/Hearthstone Screenshot 01-17-25 01.42.12_placenta accreta_mask.jpg','MODEL',210),(132,NULL,'/home/lmj/xyx/pas/1/record123/masks/Hearthstone Screenshot 01-17-25 01.42.12_bladder_mask.jpg','MODEL',210),(133,NULL,'/home/lmj/xyx/pas/1/record123/masks/Hearthstone Screenshot 01-17-25 01.42.12_placenta_mask.jpg','MODEL',210),(134,NULL,'/home/lmj/xyx/pas/27/record125/masks/19_18_myometrium_mask.jpg','MODEL',245),(135,NULL,'/home/lmj/xyx/pas/27/record125/masks/19_18_bladder_mask.jpg','MODEL',245),(136,NULL,'/home/lmj/xyx/pas/27/record125/masks/19_18_placenta_mask.jpg','MODEL',245),(137,NULL,'/home/lmj/xyx/pas/27/record125/masks/31_30_myometrium_mask.jpg','MODEL',254),(138,NULL,'/home/lmj/xyx/pas/27/record125/masks/31_30_placenta accreta_mask.jpg','MODEL',254),(139,NULL,'/home/lmj/xyx/pas/27/record125/masks/31_30_bladder_mask.jpg','MODEL',254),(140,NULL,'/home/lmj/xyx/pas/27/record125/masks/31_30_placenta_mask.jpg','MODEL',254),(141,NULL,'/home/lmj/xyx/pas/27/record125/masks/20_muscle_mask.jpg','MODEL',255),(142,NULL,'/home/lmj/xyx/pas/27/record125/masks/20_fat_mask.jpg','MODEL',255),(143,NULL,'/home/lmj/xyx/pas/27/record125/masks/20_water_mask.jpg','MODEL',255),(144,NULL,'/home/lmj/xyx/pas/27/record125/masks/7_6_bladder_mask.jpg','MODEL',258),(145,NULL,'/home/lmj/xyx/pas/27/record125/masks/7_6_placenta_mask.jpg','MODEL',258),(146,NULL,'/home/lmj/xyx/pas/1/record123/masks/1656216_20_placenta_mask.jpg','MODEL',269),(147,NULL,'/home/lmj/xyx/pas/1/record123/masks/1656216_22_placenta bladder_mask.jpg','MODEL',270),(148,NULL,'/home/lmj/xyx/pas/1/record123/masks/1656216_23_placenta bladder_mask.jpg','MODEL',272),(149,NULL,'/home/lmj/xyx/pas/1/record123/masks/1656216_23_placenta bladder_mask.jpg','MODEL',273),(150,NULL,'/home/lmj/xyx/pas/1/record123/masks/1656216_20_bladder_mask.jpg','MODEL',274),(151,NULL,'/home/lmj/xyx/pas/1/record123/masks/1656216_20_placenta_mask.jpg','MODEL',274),(152,NULL,'/home/lmj/xyx/pas/1/record123/masks/1656216_23_placenta bladder_mask.jpg','MODEL',275),(153,NULL,'/home/lmj/xyx/pas/1/record123/masks/1656216_23_placenta bladder_mask.jpg','MODEL',276),(154,NULL,'/home/lmj/xyx/pas/1/record123/masks/1656216_23_placenta bladder_mask.jpg','MODEL',277),(155,NULL,'/home/lmj/xyx/pas/1/record123/masks/1656216_24_placenta bladder_mask.jpg','MODEL',278),(156,NULL,'/home/lmj/xyx/pas/1/record123/masks/1656216_24_placenta bladder_mask.jpg','MODEL',279),(157,NULL,'/home/lmj/xyx/pas/1/record123/masks/1715362_22_placenta bladder_mask.jpg','MODEL',280),(158,NULL,'/home/lmj/xyx/pas/1/record123/masks/1656216_24_placenta bladder_mask.jpg','MODEL',281),(159,NULL,'/home/lmj/xyx/pas/1/record123/masks/1715362_22_placenta bladder_mask.jpg','MODEL',282),(160,NULL,'/home/lmj/xyx/pas/1/record123/masks/1656216_24_placenta bladder_mask.jpg','MODEL',283),(161,NULL,'/home/lmj/xyx/pas/1/record123/masks/1656216_24_bladder_mask.jpg','MODEL',284),(162,NULL,'/home/lmj/xyx/pas/1/record123/masks/1656216_24_placenta_mask.jpg','MODEL',284),(163,NULL,'/home/lmj/xyx/pas/1/record123/masks/1656216_24_bladder_mask.jpg','MODEL',285),(164,NULL,'/home/lmj/xyx/pas/1/record123/masks/1656216_24_placenta_mask.jpg','MODEL',285),(165,NULL,'/home/lmj/xyx/pas/1/record123/masks/1656216_24_bladder_mask.jpg','MODEL',286),(166,NULL,'/home/lmj/xyx/pas/1/record123/masks/1656216_24_placenta_mask.jpg','MODEL',286),(167,NULL,'/home/lmj/xyx/pas/1/record123/masks/1656216_24_bladder_mask.jpg','MODEL',287),(168,NULL,'/home/lmj/xyx/pas/1/record123/masks/1656216_24_placenta_mask.jpg','MODEL',287),(169,NULL,'/home/lmj/xyx/pas/1/record123/masks/1656216_23_bladder_mask.jpg','MODEL',288),(170,NULL,'/home/lmj/xyx/pas/1/record123/masks/1656216_23_placenta_mask.jpg','MODEL',288),(171,NULL,'/home/lmj/xyx/pas/1/record123/masks/1656216_22_bladder_mask.jpg','MODEL',289),(172,NULL,'/home/lmj/xyx/pas/1/record123/masks/1656216_22_placenta_mask.jpg','MODEL',289),(173,NULL,'/home/lmj/xyx/pas/1/record123/masks/1656216_22_bladder_mask.jpg','MODEL',290),(174,NULL,'/home/lmj/xyx/pas/1/record123/masks/1656216_22_placenta_mask.jpg','MODEL',290),(175,NULL,'/home/lmj/xyx/pas/1/record123/masks/1656216_24_bladder_mask.jpg','MODEL',291),(176,NULL,'/home/lmj/xyx/pas/1/record123/masks/1656216_24_placenta_mask.jpg','MODEL',291),(177,NULL,'/home/lmj/xyx/pas/1/record123/masks/1656216_23_bladder_mask.jpg','MODEL',292),(178,NULL,'/home/lmj/xyx/pas/1/record123/masks/1656216_23_placenta_mask.jpg','MODEL',292),(179,NULL,'/home/lmj/xyx/pas/1/record123/masks/1656216_24_bladder_mask.jpg','MODEL',293),(180,NULL,'/home/lmj/xyx/pas/1/record123/masks/1656216_24_placenta_mask.jpg','MODEL',293),(181,NULL,'/home/lmj/xyx/pas/1/record123/masks/1656216_24_bladder_mask.jpg','MODEL',294),(182,NULL,'/home/lmj/xyx/pas/1/record123/masks/1656216_24_placenta_mask.jpg','MODEL',294),(183,NULL,'/home/lmj/xyx/pas/1/record123/masks/1656216_24_bladder_mask.jpg','MODEL',295),(184,NULL,'/home/lmj/xyx/pas/1/record123/masks/1656216_24_placenta_mask.jpg','MODEL',295),(185,NULL,'/home/lmj/xyx/pas/1/record123/masks/1656216_22_bladder_mask.jpg','MODEL',296),(186,NULL,'/home/lmj/xyx/pas/1/record123/masks/1656216_22_placenta_mask.jpg','MODEL',296),(187,NULL,'/home/lmj/xyx/pas/1/record123/masks/1656216_22_bladder_mask.jpg','MODEL',297),(188,NULL,'/home/lmj/xyx/pas/1/record123/masks/1656216_22_placenta_mask.jpg','MODEL',297),(189,NULL,'/home/lmj/xyx/pas/1/record123/masks/1656216_21_bladder_mask.jpg','MODEL',298),(190,NULL,'/home/lmj/xyx/pas/1/record123/masks/1656216_21_placenta_mask.jpg','MODEL',298),(191,NULL,'/home/lmj/xyx/pas/1/record123/masks/1656216_24_bladder_mask.jpg','MODEL',299),(192,NULL,'/home/lmj/xyx/pas/1/record123/masks/1656216_24_placenta_mask.jpg','MODEL',299),(193,NULL,'/home/lmj/xyx/pas/1/record123/masks/1715362_22_bladder_mask.jpg','MODEL',300),(194,NULL,'/home/lmj/xyx/pas/1/record123/masks/1715362_22_placenta_mask.jpg','MODEL',300),(195,NULL,'/home/lmj/xyx/pas/1/record123/masks/1656216_24_bladder_mask.jpg','MODEL',301),(196,NULL,'/home/lmj/xyx/pas/1/record123/masks/1656216_24_placenta_mask.jpg','MODEL',301),(197,NULL,'/home/lmj/xyx/pas/1/record123/masks/1656216_23_bladder_mask.jpg','MODEL',302),(198,NULL,'/home/lmj/xyx/pas/1/record123/masks/1656216_23_placenta_mask.jpg','MODEL',302),(199,NULL,'/home/lmj/xyx/pas/1/record123/masks/1656216_23_bladder_mask.jpg','MODEL',303),(200,NULL,'/home/lmj/xyx/pas/1/record123/masks/1656216_23_placenta_mask.jpg','MODEL',303),(201,NULL,'/home/lmj/xyx/pas/1/record123/masks/1656216_23_bladder_mask.jpg','MODEL',304),(202,NULL,'/home/lmj/xyx/pas/1/record123/masks/1656216_23_placenta_mask.jpg','MODEL',304),(203,NULL,'/home/lmj/xyx/pas/1/record123/masks/1656216_23_bladder_mask.jpg','MODEL',305),(204,NULL,'/home/lmj/xyx/pas/1/record123/masks/1656216_23_placenta_mask.jpg','MODEL',305),(205,NULL,'/home/lmj/xyx/pas/1/record123/masks/1656216_23_bladder_mask.jpg','MODEL',306),(206,NULL,'/home/lmj/xyx/pas/1/record123/masks/1656216_23_placenta_mask.jpg','MODEL',306),(207,NULL,'/home/lmj/xyx/pas/1/record123/masks/1656216_23_bladder_mask.jpg','MODEL',307),(208,NULL,'/home/lmj/xyx/pas/1/record123/masks/1656216_23_placenta_mask.jpg','MODEL',307),(209,NULL,'/home/lmj/xyx/pas/1/record123/masks/1715362_22_bladder_mask.jpg','MODEL',308),(210,NULL,'/home/lmj/xyx/pas/1/record123/masks/1715362_22_placenta_mask.jpg','MODEL',308),(211,NULL,'/home/lmj/xyx/pas/1/record123/masks/1656216_23_bladder_mask.jpg','MODEL',309),(212,NULL,'/home/lmj/xyx/pas/1/record123/masks/1656216_23_placenta_mask.jpg','MODEL',309),(213,NULL,'/home/lmj/xyx/pas/1/record123/masks/1656216_23_bladder_mask.jpg','MODEL',310),(214,NULL,'/home/lmj/xyx/pas/1/record123/masks/1656216_23_placenta_mask.jpg','MODEL',310),(215,NULL,'/home/lmj/xyx/pas/1/record123/masks/1656216_23_bladder_mask.jpg','MODEL',311),(216,NULL,'/home/lmj/xyx/pas/1/record123/masks/1656216_23_placenta_mask.jpg','MODEL',311),(217,NULL,'/home/lmj/xyx/pas/1/record123/masks/1656216_23_bladder_mask.jpg','MODEL',312),(218,NULL,'/home/lmj/xyx/pas/1/record123/masks/1656216_23_placenta_mask.jpg','MODEL',312),(219,NULL,'/home/lmj/xyx/pas/1/record123/masks/1656216_23_bladder_mask.jpg','MODEL',313),(220,NULL,'/home/lmj/xyx/pas/1/record123/masks/1656216_23_placenta_mask.jpg','MODEL',313),(221,NULL,'/home/lmj/xyx/pas/1/record123/masks/1656216_23_bladder_mask.jpg','MODEL',314),(222,NULL,'/home/lmj/xyx/pas/1/record123/masks/1656216_23_placenta_mask.jpg','MODEL',314),(223,NULL,'/home/lmj/xyx/pas/1/record123/masks/1656216_23_bladder_mask.jpg','MODEL',315),(224,NULL,'/home/lmj/xyx/pas/1/record123/masks/1656216_23_placenta_mask.jpg','MODEL',315),(225,NULL,'/home/lmj/xyx/pas/1/record123/masks/1656216_23_bladder_mask.jpg','MODEL',316),(226,NULL,'/home/lmj/xyx/pas/1/record123/masks/1656216_23_placenta_mask.jpg','MODEL',316),(227,NULL,'/home/lmj/xyx/pas/1/record123/masks/1656216_23_bladder_mask.jpg','MODEL',317),(228,NULL,'/home/lmj/xyx/pas/1/record123/masks/1656216_23_placenta_mask.jpg','MODEL',317),(229,NULL,'/home/lmj/xyx/pas/1/record123/masks/1656216_23_bladder_mask.jpg','MODEL',318),(230,NULL,'/home/lmj/xyx/pas/1/record123/masks/1656216_22_bladder_mask.jpg','MODEL',319),(231,NULL,'/home/lmj/xyx/pas/1/record123/masks/1656216_22_bladder_mask.jpg','MODEL',320),(232,NULL,'/home/lmj/xyx/pas/1/record123/masks/1656216_22_bladder_mask.jpg','MODEL',321),(233,NULL,'/home/lmj/xyx/pas/1/record123/masks/1656216_21_bladder_mask.jpg','MODEL',322),(234,NULL,'/home/lmj/xyx/pas/1/record123/masks/1656216_22_placenta_mask.jpg','MODEL',323),(235,NULL,'/home/lmj/xyx/pas/1/record123/masks/1656216_22_placenta_mask.jpg','MODEL',324),(236,NULL,'/home/lmj/xyx/pas/1/record123/masks/1656216_22_placenta_mask.jpg','MODEL',325),(237,NULL,'/home/lmj/xyx/pas/1/record123/masks/1656216_22_placenta_mask.jpg','MODEL',326),(238,NULL,'/home/lmj/xyx/pas/1/record123/masks/1656216_22_bladder_mask.jpg','MODEL',327),(239,NULL,'/home/lmj/xyx/pas/1/record123/masks/1656216_22_placenta_mask.jpg','MODEL',327),(240,NULL,'/home/lmj/xyx/pas/1/record123/masks/1656216_22_placenta_mask.jpg','MODEL',328),(241,NULL,'/home/lmj/xyx/pas/1/record123/masks/1656216_22_placenta_mask.jpg','MODEL',329),(242,NULL,'/home/lmj/xyx/pas/1/record123/masks/1656216_21_bladder_mask.jpg','MODEL',330),(243,NULL,'/home/lmj/xyx/pas/1/record123/masks/1656216_21_placenta_mask.jpg','MODEL',330),(244,NULL,'/home/lmj/xyx/pas/1/record123/masks/1656216_22_bladder_mask.jpg','MODEL',331),(245,NULL,'/home/lmj/xyx/pas/1/record123/masks/1656216_22_placenta_mask.jpg','MODEL',331),(246,NULL,'/home/lmj/xyx/pas/1/record123/masks/1656216_23_placenta_mask.jpg','MODEL',332),(247,NULL,'/home/lmj/xyx/pas/1/record123/masks/1656216_23_bladder_mask.jpg','MODEL',333),(248,NULL,'/home/lmj/xyx/pas/1/record123/masks/1656216_23_placenta_mask.jpg','MODEL',333),(249,NULL,'/home/lmj/xyx/pas/1/record123/masks/1656216_23_bladder_mask.jpg','MODEL',334),(250,NULL,'/home/lmj/xyx/pas/1/record123/masks/1656216_23_placenta_mask.jpg','MODEL',334),(251,NULL,'/home/lmj/xyx/pas/1/record123/masks/1656216_22_bladder_mask.jpg','MODEL',335),(252,NULL,'/home/lmj/xyx/pas/1/record123/masks/1656216_22_placenta_mask.jpg','MODEL',335),(253,NULL,'/home/lmj/xyx/pas/1/record123/masks/1656216_23_bladder_mask.jpg','MODEL',336),(254,NULL,'/home/lmj/xyx/pas/1/record123/masks/1656216_23_placenta_mask.jpg','MODEL',336),(255,NULL,'/home/lmj/xyx/pas/1/record123/masks/1656216_22_placenta_mask.jpg','MODEL',337),(256,NULL,'/home/lmj/xyx/pas/1/record123/masks/1656216_22_bladder_mask.jpg','MODEL',338),(257,NULL,'/home/lmj/xyx/pas/1/record123/masks/1656216_22_placenta_mask.jpg','MODEL',338),(258,NULL,'/home/lmj/xyx/pas/1/record123/masks/1656216_24_bladder_mask.jpg','MODEL',339),(259,NULL,'/home/lmj/xyx/pas/1/record123/masks/1656216_24_placenta_mask.jpg','MODEL',339),(260,NULL,'/home/lmj/xyx/pas/1/record123/masks/1715362_22_bladder_mask.jpg','MODEL',340),(261,NULL,'/home/lmj/xyx/pas/1/record123/masks/1715362_22_placenta_mask.jpg','MODEL',340),(262,NULL,'/home/lmj/xyx/pas/1/record123/masks/1656216_23_bladder_mask.jpg','MODEL',341),(263,NULL,'/home/lmj/xyx/pas/1/record123/masks/1656216_23_placenta_mask.jpg','MODEL',341),(264,NULL,'/home/lmj/xyx/pas/1/record123/masks/1656216_23_bladder_mask.jpg','MODEL',342),(265,NULL,'/home/lmj/xyx/pas/1/record123/masks/1656216_23_placenta_mask.jpg','MODEL',342),(266,NULL,'/home/lmj/xyx/pas/1/record123/masks/1656216_23_bladder_mask.jpg','MODEL',343),(267,NULL,'/home/lmj/xyx/pas/1/record123/masks/1656216_23_placenta_mask.jpg','MODEL',343),(268,NULL,'/home/lmj/xyx/pas/1/record123/masks/1656216_23_bladder_mask.jpg','MODEL',344),(269,NULL,'/home/lmj/xyx/pas/1/record123/masks/1656216_23_placenta_mask.jpg','MODEL',344),(270,NULL,'/home/lmj/xyx/pas/1/record123/masks/1656216_23_bladder_mask.jpg','MODEL',345),(271,NULL,'/home/lmj/xyx/pas/1/record123/masks/1656216_23_placenta_mask.jpg','MODEL',345),(272,NULL,'/home/lmj/xyx/pas/1/record123/masks/1656216_23_bladder_mask.jpg','MODEL',346),(273,NULL,'/home/lmj/xyx/pas/1/record123/masks/1656216_23_placenta_mask.jpg','MODEL',346),(274,NULL,'/home/lmj/xyx/pas/1/record123/masks/1656216_23_bladder_mask.jpg','MODEL',347),(275,NULL,'/home/lmj/xyx/pas/1/record123/masks/1656216_23_placenta_mask.jpg','MODEL',347),(276,NULL,'/home/lmj/xyx/pas/1/record123/masks/1656216_22_bladder_mask.jpg','MODEL',348),(277,NULL,'/home/lmj/xyx/pas/1/record123/masks/1656216_22_placenta_mask.jpg','MODEL',348),(278,NULL,'/home/lmj/xyx/pas/1/record123/masks/1656216_23_bladder_mask.jpg','MODEL',349),(279,NULL,'/home/lmj/xyx/pas/1/record123/masks/1656216_23_bladder_mask.jpg','MODEL',350),(280,NULL,'/home/lmj/xyx/pas/1/record123/masks/1656216_23_bladder_mask.jpg','MODEL',351),(281,NULL,'/home/lmj/xyx/pas/1/record123/masks/1656216_23_placenta_mask.jpg','MODEL',351),(282,NULL,'/home/lmj/xyx/pas/1/record123/masks/1656216_20_bladder_mask.jpg','MODEL',352),(283,NULL,'/home/lmj/xyx/pas/1/record123/masks/1656216_20_placenta_mask.jpg','MODEL',352),(284,NULL,'/home/lmj/xyx/pas/1/record123/masks/1656216_20_myometrium_mask.jpg','MODEL',353),(285,NULL,'/home/lmj/xyx/pas/1/record123/masks/1656216_20_placenta accreta_mask.jpg','MODEL',353),(286,NULL,'/home/lmj/xyx/pas/1/record123/masks/1656216_20_bladder_mask.jpg','MODEL',353),(287,NULL,'/home/lmj/xyx/pas/1/record123/masks/1656216_20_placenta_mask.jpg','MODEL',353),(288,NULL,'/home/lmj/xyx/pas/1/record123/masks/1656216_21_myometrium_mask.jpg','MODEL',354),(289,NULL,'/home/lmj/xyx/pas/1/record123/masks/1656216_21_placenta accreta_mask.jpg','MODEL',354),(290,NULL,'/home/lmj/xyx/pas/1/record123/masks/1656216_21_bladder_mask.jpg','MODEL',354),(291,NULL,'/home/lmj/xyx/pas/1/record123/masks/1656216_21_placenta_mask.jpg','MODEL',354),(292,NULL,'/home/lmj/xyx/pas/1/record123/masks/1656216_21_myometrium_mask.jpg','MODEL',355),(293,NULL,'/home/lmj/xyx/pas/1/record123/masks/1656216_21_placenta accreta_mask.jpg','MODEL',355),(294,NULL,'/home/lmj/xyx/pas/1/record123/masks/1656216_21_bladder_mask.jpg','MODEL',355),(295,NULL,'/home/lmj/xyx/pas/1/record123/masks/1656216_21_placenta_mask.jpg','MODEL',355),(296,NULL,'/home/lmj/xyx/pas/1/record123/masks/1656216_20_myometrium_mask.jpg','MODEL',356),(297,NULL,'/home/lmj/xyx/pas/1/record123/masks/1656216_20_placenta accreta_mask.jpg','MODEL',356),(298,NULL,'/home/lmj/xyx/pas/1/record123/masks/1656216_20_bladder_mask.jpg','MODEL',356),(299,NULL,'/home/lmj/xyx/pas/1/record123/masks/1656216_20_placenta_mask.jpg','MODEL',356),(300,NULL,'/home/lmj/xyx/pas/1/record123/masks/1656216_20_placenta_mask.jpg','MODEL',358),(301,NULL,'/home/lmj/xyx/pas/1/record123/masks/1656216_20_bladder_mask.jpg','MODEL',359),(302,NULL,'/home/lmj/xyx/pas/1/record123/masks/1656216_20_placenta_mask.jpg','MODEL',359),(303,NULL,'/home/lmj/xyx/pas/1/record123/masks/1656216_20_bladder_mask.jpg','MODEL',360),(304,NULL,'/home/lmj/xyx/pas/1/record123/masks/1656216_20_placenta_mask.jpg','MODEL',360),(305,NULL,'/home/lmj/xyx/pas/1/record123/masks/1656216_20_myometrium_mask.jpg','MODEL',361),(306,NULL,'/home/lmj/xyx/pas/1/record123/masks/1656216_20_bladder_mask.jpg','MODEL',361),(307,NULL,'/home/lmj/xyx/pas/1/record123/masks/1656216_20_placenta_mask.jpg','MODEL',361),(308,NULL,'/home/lmj/xyx/pas/1/record123/masks/1656216_20_myometrium_mask.jpg','MODEL',362),(309,NULL,'/home/lmj/xyx/pas/1/record123/masks/1656216_20_placenta accreta_mask.jpg','MODEL',362),(310,NULL,'/home/lmj/xyx/pas/1/record123/masks/1656216_20_bladder_mask.jpg','MODEL',362),(311,NULL,'/home/lmj/xyx/pas/1/record123/masks/1656216_20_placenta_mask.jpg','MODEL',362),(312,NULL,'/home/lmj/xyx/pas/1/record123/masks/1656216_21_myometrium_mask.jpg','MODEL',364),(313,NULL,'/home/lmj/xyx/pas/1/record123/masks/1656216_21_placenta accreta_mask.jpg','MODEL',364),(314,NULL,'/home/lmj/xyx/pas/1/record123/masks/1656216_21_bladder_mask.jpg','MODEL',364),(315,NULL,'/home/lmj/xyx/pas/1/record123/masks/1656216_21_placenta_mask.jpg','MODEL',364),(316,NULL,'/home/lmj/xyx/pas/1/record123/masks/1656216_21_myometrium_mask.jpg','MODEL',365),(317,NULL,'/home/lmj/xyx/pas/1/record123/masks/1656216_21_placenta accreta_mask.jpg','MODEL',365),(318,NULL,'/home/lmj/xyx/pas/1/record123/masks/1656216_21_bladder_mask.jpg','MODEL',365),(319,NULL,'/home/lmj/xyx/pas/1/record123/masks/1656216_21_placenta_mask.jpg','MODEL',365),(320,NULL,'/home/lmj/xyx/pas/1/record123/masks/1656216_21_myometrium_mask.jpg','MODEL',366),(321,NULL,'/home/lmj/xyx/pas/1/record123/masks/1656216_21_placenta accreta_mask.jpg','MODEL',366),(322,NULL,'/home/lmj/xyx/pas/1/record123/masks/1656216_21_bladder_mask.jpg','MODEL',366),(323,NULL,'/home/lmj/xyx/pas/1/record123/masks/1656216_21_placenta_mask.jpg','MODEL',366),(324,NULL,'/home/lmj/xyx/pas/1/record123/masks/1656216_21_myometrium_mask.jpg','MODEL',367),(325,NULL,'/home/lmj/xyx/pas/1/record123/masks/1656216_21_placenta accreta_mask.jpg','MODEL',367),(326,NULL,'/home/lmj/xyx/pas/1/record123/masks/1656216_21_bladder_mask.jpg','MODEL',367),(327,NULL,'/home/lmj/xyx/pas/1/record123/masks/1656216_21_placenta_mask.jpg','MODEL',367),(328,NULL,'/home/lmj/xyx/pas/1/record123/masks/1656216_20_myometrium_mask.jpg','MODEL',368),(329,NULL,'/home/lmj/xyx/pas/1/record123/masks/1656216_20_placenta accreta_mask.jpg','MODEL',368),(330,NULL,'/home/lmj/xyx/pas/1/record123/masks/1656216_20_bladder_mask.jpg','MODEL',368),(331,NULL,'/home/lmj/xyx/pas/1/record123/masks/1656216_20_placenta_mask.jpg','MODEL',368),(332,NULL,'/home/lmj/xyx/pas/1/record123/masks/1656216_20_myometrium_mask.jpg','MODEL',369),(333,NULL,'/home/lmj/xyx/pas/1/record123/masks/1656216_20_placenta accreta_mask.jpg','MODEL',369),(334,NULL,'/home/lmj/xyx/pas/1/record123/masks/1656216_20_bladder_mask.jpg','MODEL',369),(335,NULL,'/home/lmj/xyx/pas/1/record123/masks/1656216_20_placenta_mask.jpg','MODEL',369),(336,NULL,'/home/lmj/xyx/pas/1/record123/masks/1656216_23_myometrium_mask.jpg','MODEL',370),(337,NULL,'/home/lmj/xyx/pas/1/record123/masks/1656216_23_placenta accreta_mask.jpg','MODEL',370),(338,NULL,'/home/lmj/xyx/pas/1/record123/masks/1656216_23_bladder_mask.jpg','MODEL',370),(339,NULL,'/home/lmj/xyx/pas/1/record123/masks/1656216_23_placenta_mask.jpg','MODEL',370),(340,NULL,'/home/lmj/xyx/pas/1/record123/masks/1656216_23_placenta_mask.jpg','MODEL',371),(341,NULL,'/home/lmj/xyx/pas/1/record123/masks/1656216_20_myometrium_mask.jpg','MODEL',387),(342,NULL,'/home/lmj/xyx/pas/1/record123/masks/1656216_20_placenta accreta_mask.jpg','MODEL',387),(343,NULL,'/home/lmj/xyx/pas/1/record123/masks/1656216_20_bladder_mask.jpg','MODEL',387),(344,NULL,'/home/lmj/xyx/pas/1/record123/masks/1656216_20_placenta_mask.jpg','MODEL',387),(345,NULL,'/home/lmj/xyx/pas/1/record123/masks/1740895_19_18_bladder_mask.jpg','MODEL',388),(346,NULL,'/home/lmj/xyx/pas/1/record123/masks/1740895_19_18_placenta_mask.jpg','MODEL',388),(347,NULL,'/home/lmj/xyx/pas/1/record123/masks/1740895_19_18_bladder_mask.jpg','MODEL',389),(348,NULL,'/home/lmj/xyx/pas/1/record123/masks/1740895_19_18_placenta_mask.jpg','MODEL',389),(349,NULL,'/home/lmj/xyx/pas/1/record123/masks/1740895_19_18_placenta accreta_mask.jpg','MODEL',390),(350,NULL,'/home/lmj/xyx/pas/1/record123/masks/1740895_19_18_bladder_mask.jpg','MODEL',390),(351,NULL,'/home/lmj/xyx/pas/1/record123/masks/1740895_19_18_placenta_mask.jpg','MODEL',390),(352,NULL,'/home/lmj/xyx/pas/1/record123/masks/1740895_19_18_myometrium_mask.jpg','MODEL',391),(353,NULL,'/home/lmj/xyx/pas/1/record123/masks/1740895_19_18_bladder_mask.jpg','MODEL',391),(354,NULL,'/home/lmj/xyx/pas/1/record123/masks/1740895_19_18_placenta_mask.jpg','MODEL',391),(355,NULL,'/home/lmj/xyx/pas/1/record123/masks/1833645_22_myometrium_mask.jpg','MODEL',392),(356,NULL,'/home/lmj/xyx/pas/1/record123/masks/1833645_22_placenta accreta_mask.jpg','MODEL',392),(357,NULL,'/home/lmj/xyx/pas/1/record123/masks/1833645_22_bladder_mask.jpg','MODEL',392),(358,NULL,'/home/lmj/xyx/pas/1/record123/masks/1833645_22_placenta_mask.jpg','MODEL',392),(359,NULL,'/home/lmj/xyx/pas/1/record123/masks/1822744_22_myometrium_mask.jpg','MODEL',393),(360,NULL,'/home/lmj/xyx/pas/1/record123/masks/1822744_22_placenta accreta_mask.jpg','MODEL',393),(361,NULL,'/home/lmj/xyx/pas/1/record123/masks/1822744_22_bladder_mask.jpg','MODEL',393),(362,NULL,'/home/lmj/xyx/pas/1/record123/masks/1822744_22_placenta_mask.jpg','MODEL',393),(363,NULL,'/home/lmj/xyx/pas/1/record123/masks/MR1201809190148_0_myometrium_mask.jpg','MODEL',418),(364,NULL,'/home/lmj/xyx/pas/1/record123/masks/MR1201809190148_0_placenta accreta_mask.jpg','MODEL',418),(365,NULL,'/home/lmj/xyx/pas/1/record123/masks/MR1201809190148_0_bladder_mask.jpg','MODEL',418),(366,NULL,'/home/lmj/xyx/pas/1/record123/masks/MR1201809190148_0_placenta_mask.jpg','MODEL',418),(367,NULL,'/home/lmj/xyx/pas/1/record123/masks/MR1201809190148_3_myometrium_mask.jpg','MODEL',419),(368,NULL,'/home/lmj/xyx/pas/1/record123/masks/MR1201809190148_3_placenta accreta_mask.jpg','MODEL',419),(369,NULL,'/home/lmj/xyx/pas/1/record123/masks/MR1201809190148_3_bladder_mask.jpg','MODEL',419),(370,NULL,'/home/lmj/xyx/pas/1/record123/masks/MR1201809190148_3_placenta_mask.jpg','MODEL',419),(371,NULL,'/home/lmj/xyx/pas/1/record123/masks/1656216_21_placenta accreta_mask.jpg','MODEL',420),(372,NULL,'/home/lmj/xyx/pas/1/record123/masks/1656216_21_placenta_mask.jpg','MODEL',420),(373,NULL,'/home/lmj/xyx/pas/1/record123/masks/1656216_20_myometrium_mask.jpg','MODEL',424),(374,NULL,'/home/lmj/xyx/pas/1/record123/masks/1656216_20_placenta accreta_mask.jpg','MODEL',424),(375,NULL,'/home/lmj/xyx/pas/1/record123/masks/1656216_20_bladder_mask.jpg','MODEL',424),(376,NULL,'/home/lmj/xyx/pas/1/record123/masks/1656216_20_placenta_mask.jpg','MODEL',424),(377,NULL,'/home/lmj/xyx/pas/1/record123/masks/1656216_20_myometrium_mask.jpg','MODEL',425),(378,NULL,'/home/lmj/xyx/pas/1/record123/masks/1656216_20_placenta accreta_mask.jpg','MODEL',425),(379,NULL,'/home/lmj/xyx/pas/1/record123/masks/1656216_20_bladder_mask.jpg','MODEL',425),(380,NULL,'/home/lmj/xyx/pas/1/record123/masks/1656216_20_placenta_mask.jpg','MODEL',425),(381,NULL,'/home/lmj/xyx/pas/1/record123/masks/375_myometrium_mask.jpg','MODEL',433),(382,NULL,'/home/lmj/xyx/pas/1/record123/masks/375_placenta accreta_mask.jpg','MODEL',433),(383,NULL,'/home/lmj/xyx/pas/1/record123/masks/375_bladder_mask.jpg','MODEL',433),(384,NULL,'/home/lmj/xyx/pas/1/record123/masks/375_placenta_mask.jpg','MODEL',433);
/*!40000 ALTER TABLE `mask` ENABLE KEYS */;

--
-- Table structure for table `medical_record`
--

DROP TABLE IF EXISTS `medical_record`;
/*!40101 SET @saved_cs_client     = @@character_set_client */;
/*!50503 SET character_set_client = utf8mb4 */;
CREATE TABLE `medical_record` (
  `record_id` bigint NOT NULL AUTO_INCREMENT,
  `afp` float DEFAULT NULL,
  `age` int DEFAULT NULL,
  `anemia` enum('MILD','MODERATE','NONE') DEFAULT NULL,
  `artery_embolization_history` bit(1) DEFAULT NULL,
  `assisted_reproduction` int DEFAULT NULL,
  `b_hcg` float DEFAULT NULL,
  `c_section_count` int DEFAULT NULL,
  `current_pregnancy_count` int DEFAULT NULL,
  `diabetes` bit(1) DEFAULT NULL,
  `diagnosis` tinytext,
  `fibroid_surgery_history` bit(1) DEFAULT NULL,
  `gravidity` int DEFAULT NULL,
  `height_cm` float DEFAULT NULL,
  `hypertension` bit(1) DEFAULT NULL,
  `inhibina` float DEFAULT NULL,
  `medical_abortion` int DEFAULT NULL,
  `name` varchar(100) DEFAULT NULL,
  `notes` tinytext,
  `pas_history` bit(1) DEFAULT NULL,
  `pre_delivery_weight` float DEFAULT NULL,
  `surgical_abortion` int DEFAULT NULL,
  `symptoms` tinytext,
  `treatment` tinytext,
  `ue3` float DEFAULT NULL,
  `uterine_surgery_history` bit(1) DEFAULT NULL,
  `vaginal_delivery_count` int DEFAULT NULL,
  `visit_date` datetime(6) NOT NULL,
  `visit_type` varchar(100) DEFAULT NULL,
  `doctor_id` bigint DEFAULT NULL,
  `patient_id` bigint NOT NULL,
  `placenta_previa` tinyint DEFAULT NULL,
  PRIMARY KEY (`record_id`),
  KEY `FKmommgymv6rayvbje0hp4c6g8w` (`doctor_id`),
  KEY `FKt0lf3feuiurr73bpln2n6x0v` (`patient_id`),
  CONSTRAINT `FKmommgymv6rayvbje0hp4c6g8w` FOREIGN KEY (`doctor_id`) REFERENCES `doctor` (`doctor_id`),
  CONSTRAINT `FKt0lf3feuiurr73bpln2n6x0v` FOREIGN KEY (`patient_id`) REFERENCES `patient` (`patient_id`)
) ENGINE=InnoDB AUTO_INCREMENT=48 DEFAULT CHARSET=utf8mb4 COLLATE=utf8mb4_0900_ai_ci;
/*!40101 SET character_set_client = @saved_cs_client */;

--
-- Dumping data for table `medical_record`
--

/*!40000 ALTER TABLE `medical_record` DISABLE KEYS */;
INSERT INTO `medical_record` VALUES (22,2.5,30,'NONE',0x00,1,0,0,1,0x00,'初步诊断为...',0x00,2,170.5,0x00,0.7,0,'张三','无特殊备注',0x00,60.5,0,'无明显症状','建议进行...',0.5,0x00,1,'2024-07-15 21:59:07.220000','初诊',NULL,22,NULL),(23,2.5,30,'NONE',0x00,1,0,0,1,0x00,'初步诊断为...',0x00,2,170.5,0x00,0.7,0,'张三','无特殊备注',0x00,60.5,0,'无明显症状','建议进行...',0.5,0x00,1,'2024-07-15 21:59:07.220000','初诊',NULL,22,NULL),(24,2.5,30,'NONE',0x00,1,0,0,1,0x00,'初步诊断为...',0x00,2,170.5,0x00,0.7,0,'张三','无特殊备注',0x00,60.5,0,'无明显症状','建议进行...',0.5,0x00,1,'2024-07-15 21:59:07.220000','初诊',NULL,23,NULL),(25,2.5,30,'NONE',0x00,1,0,0,1,0x00,'初步诊断为...',0x00,2,170.5,0x00,0.7,0,'张三','无特殊备注',0x00,60.5,0,'无明显症状','建议进行...',0.5,0x00,1,'2024-07-15 21:59:07.220000','初诊',NULL,23,NULL),(26,2.5,30,'NONE',0x00,1,0,0,1,0x00,'初步诊断为...',0x00,2,170.5,0x00,0.7,0,'张三','无特殊备注',0x00,60.5,0,'无明显症状','建议进行...',0.5,0x00,1,'2024-07-15 21:59:07.220000','初诊',NULL,22,NULL),(27,2.5,30,'NONE',0x00,1,0,0,1,0x00,'初步诊断为...',0x00,2,170.5,0x00,0.7,0,'张三','无特殊备注',0x00,60.5,0,'无明显症状','建议进行...',0.5,0x00,1,'2024-07-15 21:59:07.220000','初诊',NULL,22,NULL),(28,2.3,34,'MILD',0x00,0,NULL,NULL,1,0x00,'妊娠28周，前置胎盘（低置型），轻度贫血',0x00,2,170.5,0x00,0.8,0,'张明','患者情绪稳定，依从性好，建议2周后复查',0x00,65.8,0,'患者反映有轻微腹部不适，偶有轻度出血症状','1. 建议定期产检\n2. 补充叶酸和铁剂\n3. 注意活动量，避免剧烈运动\n4. 如有阴道出血及时就医',0.6,0x01,0,'2024-03-12 01:30:00.000000','初诊',NULL,27,1),(29,2.5,30,'NONE',0x00,1,0,0,1,0x00,'初步诊断为...',0x00,2,170.5,0x00,0.7,0,'张三','无特殊备注',0x00,60.5,0,'无明显症状','建议进行...',0.5,0x00,1,'2024-07-15 21:59:07.220000','初诊',NULL,29,NULL),(30,2.5,30,'NONE',0x00,1,0,0,1,0x00,'初步诊断为...',0x00,2,170.5,0x00,0.7,0,'张三','无特殊备注',0x00,60.5,0,'无明显症状','建议进行...',0.5,0x00,1,'2024-07-15 21:59:07.220000','初诊',NULL,29,NULL),(31,2.5,30,'NONE',0x00,1,0,0,1,0x00,'初步诊断为...',0x00,2,170.5,0x00,0.7,0,'测试二','无特殊备注',0x00,60.5,0,'无明显症状','建议进行...',0.5,0x00,1,'2024-07-15 21:59:07.220000','初诊',NULL,30,NULL),(32,2.5,30,'NONE',0x00,1,0,0,1,0x00,'初步诊断为...',0x00,2,170.5,0x00,0.7,0,'测试二','无特殊备注',0x00,60.5,0,'无明显症状','建议进行...',0.5,0x00,1,'2024-07-15 21:59:07.220000','初诊',NULL,30,NULL),(35,2.5,30,'NONE',0x00,1,0,0,1,0x00,'初步诊断为...',0x00,2,170.5,0x00,0.7,0,'张三','无特殊备注',0x00,60.5,0,'无明显症状','建议进行...',0.5,0x00,1,'2024-07-15 21:59:07.220000','初诊',NULL,29,NULL),(36,2.5,30,'NONE',0x00,1,0,0,1,0x00,'初步诊断为...',0x00,2,170.5,0x00,0.7,0,'张三','无特殊备注',0x00,60.5,0,'无明显症状','建议进行...',0.5,0x00,1,'2024-07-15 21:59:07.220000','初诊',NULL,29,NULL),(37,2.5,30,'NONE',0x00,1,0,0,1,0x00,'初步诊断为...',0x00,2,170.5,0x00,0.7,0,'张三','无特殊备注',0x00,60.5,0,'无明显症状','建议进行...',0.5,0x00,1,'2024-07-15 21:59:07.220000','初诊',NULL,29,NULL),(38,2.5,30,'NONE',0x00,1,0,0,1,0x00,'初步诊断为...',0x00,2,170.5,0x00,0.7,0,'张三','无特殊备注',0x00,60.5,0,'无明显症状','建议进行...',0.5,0x00,1,'2024-07-15 21:59:07.220000','初诊',NULL,29,NULL),(39,2.5,30,'NONE',0x00,1,0,NULL,1,0x00,'初步诊断为...',0x00,2,170.5,0x00,0.7,0,NULL,'无特殊备注',0x00,60.5,0,'无明显症状','建议进行...',0.5,0x00,1,'2024-07-15 21:59:07.220000','初诊',NULL,29,NULL),(40,2.5,30,'NONE',0x00,1,0,NULL,1,0x00,'初步诊断为...',0x00,2,170.5,0x00,0.7,0,NULL,'无特殊备注',0x00,60.5,0,'无明显症状','建议进行...',0.5,0x00,1,'2024-07-15 21:59:07.220000','初诊',NULL,29,NULL),(41,2.5,30,'NONE',0x00,1,0,NULL,1,0x00,'初步诊断为...',0x00,2,170.5,0x00,0.7,0,NULL,'无特殊备注',0x00,60.5,0,'无明显症状','建议进行...',0.5,0x00,1,'2024-07-15 21:59:07.220000','初诊',NULL,29,NULL),(42,2.5,30,'NONE',0x00,1,0,NULL,1,0x00,'初步诊断为...',0x00,2,170.5,0x00,0.7,0,NULL,'无特殊备注',0x00,60.5,0,'无明显症状','建议进行...',0.5,0x00,1,'2024-07-15 21:59:07.220000','初诊',NULL,29,NULL),(43,2.5,30,'NONE',0x00,1,0,NULL,1,0x00,'初步诊断为...',0x00,2,170.5,0x00,0.7,0,NULL,'无特殊备注',0x00,60.5,0,'无明显症状','建议进行...',0.5,0x00,1,'2024-07-15 21:59:07.220000','初诊',NULL,29,1),(44,2.5,30,'NONE',0x00,1,0,1,1,0x00,'初步诊断为...',0x00,2,170.5,0x00,0.7,0,NULL,'无特殊备注',0x00,60.5,0,'无明显症状','建议进行...',0.5,0x00,1,'2024-07-15 21:59:07.220000','初诊',NULL,29,1),(45,2.5,30,'NONE',0x00,1,0,1,1,0x00,'初步诊断为...',0x00,2,170.5,0x00,0.7,0,NULL,'无特殊备注',0x00,60.5,0,'无明显症状','建议进行...',0.5,0x00,1,'2024-07-15 21:59:07.220000','初诊',NULL,29,1),(46,2.5,30,'NONE',0x00,1,0,0,1,0x00,'初步诊断为...',0x00,2,170.5,0x00,0.7,0,NULL,'无特殊备注',0x00,60.5,0,'无明显症状','建议进行...',0.5,0x00,1,'2024-07-15 21:59:07.220000','初诊',NULL,29,1),(47,2.5,30,'NONE',0x00,1,0,0,1,0x00,'初步诊断为...',0x00,2,170.5,0x00,0.7,0,NULL,'无特殊备注',0x00,60.5,0,'无明显症状','建议进行...',0.5,0x00,1,'2024-07-15 21:59:07.220000','初诊',NULL,29,1);
/*!40000 ALTER TABLE `medical_record` ENABLE KEYS */;

--
-- Table structure for table `pas_resources`
--

DROP TABLE IF EXISTS `pas_resources`;
/*!40101 SET @saved_cs_client     = @@character_set_client */;
/*!50503 SET character_set_client = utf8mb4 */;
CREATE TABLE `pas_resources` (
  `id` bigint NOT NULL AUTO_INCREMENT,
  `category` varchar(255) DEFAULT NULL,
  `created_at` datetime(6) DEFAULT NULL,
  `description` varchar(255) DEFAULT NULL,
  `file_url` varchar(255) DEFAULT NULL,
  `identifier` varchar(255) DEFAULT NULL,
  `local_path` varchar(255) DEFAULT NULL,
  `mime_type` varchar(255) DEFAULT NULL,
  `resource_type` varchar(255) DEFAULT NULL,
  `source_url` varchar(255) DEFAULT NULL,
  `timestamp` datetime(6) DEFAULT NULL,
  `title` varchar(255) DEFAULT NULL,
  `updated_at` datetime(6) DEFAULT NULL,
  `file_size` bigint DEFAULT NULL,
  `name` varchar(255) DEFAULT NULL,
  PRIMARY KEY (`id`)
) ENGINE=InnoDB AUTO_INCREMENT=3 DEFAULT CHARSET=utf8mb4 COLLATE=utf8mb4_0900_ai_ci;
/*!40101 SET character_set_client = @saved_cs_client */;

--
-- Dumping data for table `pas_resources`
--

/*!40000 ALTER TABLE `pas_resources` DISABLE KEYS */;
INSERT INTO `pas_resources` VALUES (1,'fun',NULL,'I don\'t know but I\'ve been told',NULL,NULL,'/home/lmj/xyx/pas/uploads/5035b559-5621-4e62-982a-13d6a48a5c41.file','image/jpeg','image',NULL,'2025-03-18 09:55:26.113418',NULL,NULL,192158,'file'),(2,'fun',NULL,'223223',NULL,NULL,'/home/lmj/xyx/pas/uploads/1e3c7801-b4f9-46fd-b371-bd8a89be5ea4.file','image/jpeg','image',NULL,'2025-03-18 09:57:10.397813',NULL,NULL,2730950,'file');
/*!40000 ALTER TABLE `pas_resources` ENABLE KEYS */;

--
-- Table structure for table `patient`
--

DROP TABLE IF EXISTS `patient`;
/*!40101 SET @saved_cs_client     = @@character_set_client */;
/*!50503 SET character_set_client = utf8mb4 */;
CREATE TABLE `patient` (
  `patient_id` bigint NOT NULL AUTO_INCREMENT,
  `address` varchar(255) DEFAULT NULL,
  `birth_date` date DEFAULT NULL,
  `gender` enum('FEMALE','MALE','OTHER') DEFAULT NULL,
  `name` varchar(100) NOT NULL,
  `pass_id` varchar(20) CHARACTER SET utf8mb4 COLLATE utf8mb4_0900_ai_ci DEFAULT NULL,
  `doctor_id` bigint DEFAULT NULL,
  `user_id` bigint DEFAULT NULL,
  `referral_status` enum('APPROVED','PENDING','REJECTED') DEFAULT NULL,
  `from_hospital` bigint DEFAULT NULL,
  PRIMARY KEY (`patient_id`),
  UNIQUE KEY `UK6i3fp8wcdxk473941mbcvdao4` (`user_id`),
  KEY `FKmer5utvy1hiff7ovs6f4bjtnw` (`doctor_id`),
  KEY `FK15061gwqnurevol6xrjnsfy4m` (`from_hospital`),
  CONSTRAINT `FK15061gwqnurevol6xrjnsfy4m` FOREIGN KEY (`from_hospital`) REFERENCES `hospital` (`hospital_id`),
  CONSTRAINT `FKmer5utvy1hiff7ovs6f4bjtnw` FOREIGN KEY (`doctor_id`) REFERENCES `doctor` (`doctor_id`),
  CONSTRAINT `FKp6ttmfrxo2ejiunew4ov805uc` FOREIGN KEY (`user_id`) REFERENCES `user` (`user_id`)
) ENGINE=InnoDB AUTO_INCREMENT=31 DEFAULT CHARSET=utf8mb4 COLLATE=utf8mb4_0900_ai_ci;
/*!40101 SET character_set_client = @saved_cs_client */;

--
-- Dumping data for table `patient`
--

/*!40000 ALTER TABLE `patient` DISABLE KEYS */;
INSERT INTO `patient` VALUES (1,NULL,NULL,NULL,'李子阳','123456789012345678',NULL,NULL,'REJECTED',1),(22,'成都市成华区','2001-01-11','MALE','测试A','333322200111030211',NULL,18,'APPROVED',NULL),(23,'北京市朝阳区某街道','1980-01-01','MALE','测试C','777756789012345678',NULL,19,NULL,NULL),(27,'浙江省杭州市西湖区文三路100号','1990-01-01','MALE','张明','330104199001011234',NULL,26,NULL,NULL),(28,NULL,NULL,NULL,'刘红','330104199604233210',NULL,27,NULL,NULL),(29,NULL,NULL,NULL,'李病人','330327222222222224',NULL,31,NULL,NULL),(30,NULL,NULL,NULL,'李2','330327222222222225',NULL,32,NULL,NULL);
/*!40000 ALTER TABLE `patient` ENABLE KEYS */;

--
-- Table structure for table `placenta_classification_result`
--

DROP TABLE IF EXISTS `placenta_classification_result`;
/*!40101 SET @saved_cs_client     = @@character_set_client */;
/*!50503 SET character_set_client = utf8mb4 */;
CREATE TABLE `placenta_classification_result` (
  `classification_id` bigint NOT NULL AUTO_INCREMENT,
  `accreta_probability` double NOT NULL,
  `classification_path` varchar(255) DEFAULT NULL,
  `classification_source` enum('DOCTOR','RESNET','MLMPAS','MTPAS','VGG16') NOT NULL,
  `increta_probability` double NOT NULL,
  `normal_probability` double NOT NULL,
  `predicted_type` varchar(255) NOT NULL,
  `timestamp` datetime(6) NOT NULL,
  `image_id` bigint NOT NULL,
  `patient_id` bigint NOT NULL,
  PRIMARY KEY (`classification_id`),
  KEY `FKdvw5w1o41di7ujvr1qpia4aao` (`image_id`),
  KEY `FK2l2n0utbxir1s19c9e8uhe76s` (`patient_id`),
  CONSTRAINT `FK2l2n0utbxir1s19c9e8uhe76s` FOREIGN KEY (`patient_id`) REFERENCES `patient` (`patient_id`),
  CONSTRAINT `FKdvw5w1o41di7ujvr1qpia4aao` FOREIGN KEY (`image_id`) REFERENCES `image` (`image_id`)
) ENGINE=InnoDB AUTO_INCREMENT=54 DEFAULT CHARSET=utf8mb4 COLLATE=utf8mb4_0900_ai_ci;
/*!40101 SET character_set_client = @saved_cs_client */;

--
-- Dumping data for table `placenta_classification_result`
--

/*!40000 ALTER TABLE `placenta_classification_result` DISABLE KEYS */;
INSERT INTO `placenta_classification_result` VALUES (18,0.9517,NULL,'MLMPAS',0.0237,0.0247,'accreta','2025-03-12 10:00:45.129448',243,27),(19,0.1317,NULL,'MLMPAS',0.0015,0.8667,'normal','2025-03-12 10:02:09.716306',244,27),(20,1,NULL,'MTPAS',0,0,'accreta','2025-03-13 08:35:51.555219',250,1),(21,0,NULL,'VGG16',0.0568,0.9432,'normal','2025-03-13 08:36:53.353370',251,1),(22,0.0108,NULL,'MLMPAS',0.823,0.1662,'increta','2025-03-13 08:37:17.345669',252,1),(23,0.0567,NULL,'MTPAS',0.0234,0.92,'normal','2025-03-13 08:44:47.019066',253,1),(24,0.059,NULL,'MTPAS',0.0053,0.9357,'normal','2025-03-13 08:52:13.280486',245,27),(25,0.0954,NULL,'MTPAS',0.0064,0.8982,'normal','2025-03-13 08:54:22.396474',256,1),(26,0.4635,NULL,'RESNET',0.1593,0.3773,'accreta','2025-03-14 02:16:43.750545',262,1),(27,0.4638,NULL,'RESNET',0.1797,0.3565,'accreta','2025-03-14 02:21:26.054992',263,1),(28,0.4638,NULL,'RESNET',0.1797,0.3565,'accreta','2025-03-14 02:27:06.277463',264,1),(29,0.3869,NULL,'RESNET',0.2389,0.3743,'accreta','2025-03-14 02:28:50.934668',265,1),(30,0.4077,NULL,'RESNET',0.2523,0.3401,'accreta','2025-03-14 02:29:48.559908',266,1),(31,0.402,NULL,'RESNET',0.2278,0.3702,'accreta','2025-03-20 12:50:39.978441',271,1),(32,0.3972,NULL,'RESNET',0.219,0.3838,'accreta','2025-03-21 03:05:15.728962',357,1),(33,0.9978,NULL,'MLMPAS',0.0008,0.0014,'accreta','2025-03-21 03:15:46.319743',363,1),(34,0.4926,NULL,'MLMPAS',0.0107,0.4966,'normal','2025-03-21 08:25:34.690184',160,1),(35,0.4926,NULL,'MLMPAS',0.0107,0.4966,'normal','2025-03-21 08:25:43.642901',160,1),(36,0.4638,NULL,'RESNET',0.1797,0.3565,'accreta','2025-03-21 08:53:44.631399',372,1),(37,0,NULL,'MLMPAS',0.9975,0.0025,'increta','2025-03-27 06:40:12.299610',421,1),(38,0,NULL,'MLMPAS',0.9975,0.0025,'increta','2025-03-27 06:40:20.262218',422,1),(39,0.0018,NULL,'MLMPAS',0.9965,0.0017,'increta','2025-03-27 06:47:25.797156',423,1),(40,0.3972,NULL,'RESNET',0.219,0.3838,'accreta','2025-03-28 08:49:25.406912',426,1),(41,0.0097,NULL,'MLMPAS',0.9658,0.0246,'increta','2025-03-28 08:49:37.673977',427,1),(42,0.0138,NULL,'MTPAS',0.0163,0.9699,'normal','2025-03-28 08:49:44.094428',428,1),(43,0.0808,NULL,'VGG16',0.0862,0.833,'normal','2025-03-28 08:49:54.213498',429,1),(44,0.0808,NULL,'VGG16',0.0862,0.833,'normal','2025-03-28 08:50:14.783412',430,1),(45,0.0002,NULL,'MLMPAS',0.9129,0.0869,'increta','2025-03-28 08:58:26.897478',431,1),(46,0.402,NULL,'RESNET',0.2278,0.3702,'accreta','2025-03-28 08:58:49.405419',432,1),(47,0.402,NULL,'RESNET',0.2278,0.3702,'accreta','2025-03-31 02:18:34.257174',434,1),(48,0.997,NULL,'MLMPAS',0.0003,0.0028,'accreta','2025-03-31 02:24:00.599181',435,1),(49,0.3972,NULL,'RESNET',0.219,0.3838,'accreta','2025-03-31 02:24:09.105730',436,1),(50,0.9985,NULL,'MLMPAS',0.0001,0.0014,'accreta','2025-03-31 03:44:47.705999',437,1),(51,0.4563,NULL,'RESNET',0.2086,0.3351,'accreta','2025-03-31 03:45:33.543024',438,1),(52,0.4563,NULL,'RESNET',0.2086,0.3351,'accreta','2025-04-09 13:39:54.542833',440,1),(53,0.4563,NULL,'RESNET',0.2086,0.3351,'accreta','2025-04-09 13:40:36.272858',441,1);
/*!40000 ALTER TABLE `placenta_classification_result` ENABLE KEYS */;

--
-- Table structure for table `placenta_segmentation_grading`
--

DROP TABLE IF EXISTS `placenta_segmentation_grading`;
/*!40101 SET @saved_cs_client     = @@character_set_client */;
/*!50503 SET character_set_client = utf8mb4 */;
CREATE TABLE `placenta_segmentation_grading` (
  `seg_grade_id` bigint NOT NULL AUTO_INCREMENT,
  `grade` enum('ADHESION','INVASION','NORMAL','PENETRATION') DEFAULT NULL,
  `overall_grade` enum('ADHESION','INVASION','NORMAL','PENETRATION') DEFAULT NULL,
  `probability` float DEFAULT NULL,
  `segmentation_source` enum('DOCTOR','MODEL') NOT NULL,
  `timestamp` datetime(6) NOT NULL,
  `image_id` bigint NOT NULL,
  `mask_id` bigint NOT NULL,
  `patient_id` bigint NOT NULL,
  PRIMARY KEY (`seg_grade_id`),
  KEY `FK63tfijp5eb4lvst11vetg6qwm` (`image_id`),
  KEY `FKe3dn69u60gmwg0acrvand8il2` (`mask_id`),
  KEY `FKl4i428apxmrvxv1jhxsxpaqib` (`patient_id`),
  CONSTRAINT `FK63tfijp5eb4lvst11vetg6qwm` FOREIGN KEY (`image_id`) REFERENCES `image` (`image_id`),
  CONSTRAINT `FKe3dn69u60gmwg0acrvand8il2` FOREIGN KEY (`mask_id`) REFERENCES `mask` (`mask_id`),
  CONSTRAINT `FKl4i428apxmrvxv1jhxsxpaqib` FOREIGN KEY (`patient_id`) REFERENCES `patient` (`patient_id`)
) ENGINE=InnoDB DEFAULT CHARSET=utf8mb4 COLLATE=utf8mb4_0900_ai_ci;
/*!40101 SET character_set_client = @saved_cs_client */;

--
-- Dumping data for table `placenta_segmentation_grading`
--

/*!40000 ALTER TABLE `placenta_segmentation_grading` DISABLE KEYS */;
/*!40000 ALTER TABLE `placenta_segmentation_grading` ENABLE KEYS */;

--
-- Table structure for table `referral_request`
--

DROP TABLE IF EXISTS `referral_request`;
/*!40101 SET @saved_cs_client     = @@character_set_client */;
/*!50503 SET character_set_client = utf8mb4 */;
CREATE TABLE `referral_request` (
  `request_id` bigint NOT NULL AUTO_INCREMENT,
  `approval_reason` text,
  `referral_reason` text,
  `request_date` datetime(6) NOT NULL,
  `status` enum('UNSENT','APPROVED','PENDING','REJECTED') CHARACTER SET utf8mb4 COLLATE utf8mb4_0900_ai_ci NOT NULL,
  `from_hospital_id` bigint NOT NULL,
  `from_user_id` bigint DEFAULT NULL,
  `patient_id` bigint NOT NULL,
  `to_hospital_id` bigint NOT NULL,
  `department_name` varchar(100) DEFAULT NULL,
  `doctor_name` varchar(100) DEFAULT NULL,
  `doctor_title` varchar(100) DEFAULT NULL,
  PRIMARY KEY (`request_id`),
  KEY `FK4u6nopx8aim2aj7tbbej32bnc` (`from_hospital_id`),
  KEY `FK2q0lhiyfyedxrvp19ptov5m82` (`from_user_id`),
  KEY `FK80dldmm7ms2t3bahlq7bgrsvk` (`patient_id`),
  KEY `FK1lpxnjud7tly1ufk1vjnhxcvt` (`to_hospital_id`),
  CONSTRAINT `FK1lpxnjud7tly1ufk1vjnhxcvt` FOREIGN KEY (`to_hospital_id`) REFERENCES `hospital` (`hospital_id`),
  CONSTRAINT `FK2q0lhiyfyedxrvp19ptov5m82` FOREIGN KEY (`from_user_id`) REFERENCES `user` (`user_id`),
  CONSTRAINT `FK4u6nopx8aim2aj7tbbej32bnc` FOREIGN KEY (`from_hospital_id`) REFERENCES `hospital` (`hospital_id`),
  CONSTRAINT `FK80dldmm7ms2t3bahlq7bgrsvk` FOREIGN KEY (`patient_id`) REFERENCES `patient` (`patient_id`)
) ENGINE=InnoDB AUTO_INCREMENT=28 DEFAULT CHARSET=utf8mb4 COLLATE=utf8mb4_0900_ai_ci;
/*!40101 SET character_set_client = @saved_cs_client */;

--
-- Dumping data for table `referral_request`
--

/*!40000 ALTER TABLE `referral_request` DISABLE KEYS */;
INSERT INTO `referral_request` VALUES (17,NULL,'Patient requires specialized care','2025-04-10 09:19:05.880233','UNSENT',1,2,23,2,'Administration','thd2020','Chief Physician'),(18,NULL,'Patient requires specialized care','2025-04-10 09:26:21.469352','UNSENT',1,2,23,2,'Administration','thd2020','Chief Physician'),(19,NULL,'Patient requires specialized care','2025-04-10 09:28:07.587248','UNSENT',1,2,23,2,'Administration','thd2020','Chief Physician'),(20,NULL,'Patient requires specialized care','2025-04-10 09:29:57.448175','UNSENT',1,2,23,2,'Administration','thd2020','Chief Physician'),(21,NULL,'Patient requires specialized care','2025-04-10 09:32:25.344087','UNSENT',1,2,1,2,'Administration','thd2020','Chief Physician'),(22,NULL,'Patient requires specialized care','2025-04-10 09:34:35.422816','UNSENT',1,2,1,2,'Administration','thd2020','Chief Physician'),(23,NULL,'Patient requires specialized care','2025-04-10 09:36:07.558317','UNSENT',1,2,1,2,'Administration','thd2020','Chief Physician'),(24,NULL,'Patient requires specialized care','2025-04-10 15:13:36.318846','UNSENT',1,2,1,2,'Administration','thd2020','Chief Physician'),(25,NULL,'Patient requires specialized care','2025-04-10 15:17:51.774827','UNSENT',1,2,1,2,'Administration','thd2020','Chief Physician'),(26,NULL,'Patient requires specialized care','2025-04-10 15:18:22.945737','UNSENT',1,2,1,2,'Administration','thd2020','Chief Physician'),(27,NULL,'Patient requires specialized care','2025-04-11 02:27:18.308486','UNSENT',1,2,23,2,'Administration','thd2020','Chief Physician');
/*!40000 ALTER TABLE `referral_request` ENABLE KEYS */;

--
-- Table structure for table `surgery_and_blood_test`
--

DROP TABLE IF EXISTS `surgery_and_blood_test`;
/*!40101 SET @saved_cs_client     = @@character_set_client */;
/*!50503 SET character_set_client = utf8mb4 */;
CREATE TABLE `surgery_and_blood_test` (
  `record_id` bigint NOT NULL AUTO_INCREMENT,
  `aortic_balloon` bit(1) DEFAULT NULL,
  `assisting_surgeon` varchar(100) DEFAULT NULL,
  `gestational_weeks` int DEFAULT NULL,
  `hospital_stay_days` int DEFAULT NULL,
  `hysterectomy` bit(1) DEFAULT NULL,
  `intraoperative_bleeding` int DEFAULT NULL,
  `notes` tinytext,
  `plasma_transfused` int DEFAULT NULL,
  `postoperative24h_hb` float DEFAULT NULL,
  `postoperative24h_hct` float DEFAULT NULL,
  `postoperative_transfusion_status` varchar(100) DEFAULT NULL,
  `pre_delivery_bleeding` int DEFAULT NULL,
  `preoperative_hb` float DEFAULT NULL,
  `preoperative_hct` float DEFAULT NULL,
  `primary_surgeon` varchar(100) DEFAULT NULL,
  `red_blood_cells_transfused` int DEFAULT NULL,
  `patient_id` bigint NOT NULL,
  PRIMARY KEY (`record_id`),
  KEY `FKqekseiydqelutsu2ms9kqaoet` (`patient_id`),
  CONSTRAINT `FKqekseiydqelutsu2ms9kqaoet` FOREIGN KEY (`patient_id`) REFERENCES `patient` (`patient_id`)
) ENGINE=InnoDB AUTO_INCREMENT=66 DEFAULT CHARSET=utf8mb4 COLLATE=utf8mb4_0900_ai_ci;
/*!40101 SET character_set_client = @saved_cs_client */;

--
-- Dumping data for table `surgery_and_blood_test`
--

/*!40000 ALTER TABLE `surgery_and_blood_test` DISABLE KEYS */;
INSERT INTO `surgery_and_blood_test` VALUES (5,0x01,'李医生',39,5,0x00,1000,'手术顺利，患者恢复良好',3,110.5,32.5,'无',500,120.5,35,'张医生',2,1),(37,0x01,'李医生',39,5,0x00,1000,'手术顺利，患者恢复良好',3,110.5,32.5,'无',500,120.5,35,'张医生',2,22),(38,0x01,'李医生',39,5,0x00,1000,'手术顺利，患者恢复良好',3,110.5,32.5,'无',500,120.5,35,'张医生',2,22),(39,0x01,'李医生',39,5,0x00,1000,'手术顺利，患者恢复良好',3,110.5,32.5,'无',500,120.5,35,'张医生',2,23),(40,0x01,'李医生',39,5,0x00,1000,'手术顺利，患者恢复良好',3,110.5,32.5,'无',500,120.5,35,'张医生',2,23),(41,0x01,'李医生',39,5,0x00,1000,'手术顺利，患者恢复良好',3,110.5,32.5,'无',500,120.5,35,'张医生',2,22),(42,0x01,'李医生',39,5,0x00,1000,'手术顺利，患者恢复良好',3,110.5,32.5,'无',500,120.5,35,'张医生',2,22),(43,0x01,'李医生',39,5,0x00,1000,'手术顺利，患者恢复良好',3,110.5,32.5,'无',500,120.5,35,'张医生',2,29),(44,0x01,'李医生',39,5,0x00,1000,'手术顺利，患者恢复良好',3,110.5,32.5,'无',500,120.5,35,'张医生',2,29),(45,0x01,'李医生',39,5,0x00,1000,'手术顺利，患者恢复良好',3,110.5,32.5,'无',500,120.5,35,'张医生',2,30),(46,0x01,'李医生',39,5,0x00,1000,'手术顺利，患者恢复良好',3,110.5,32.5,'无',500,120.5,35,'张医生',2,30),(47,0x01,'李医生',39,5,0x00,1000,'手术顺利，患者恢复良好',3,110.5,32.5,'无',500,120.5,35,'张医生',2,29),(48,0x01,'李医生',39,5,0x00,1000,'手术顺利，患者恢复良好',3,110.5,32.5,'无',500,120.5,35,'张医生',2,29),(49,0x01,'李医生',39,5,0x00,1000,'手术顺利，患者恢复良好',3,110.5,32.5,'无',500,120.5,35,'张医生',2,29),(50,0x01,'李医生',39,5,0x00,1000,'手术顺利，患者恢复良好',3,110.5,32.5,'无',500,120.5,35,'张医生',2,29),(51,0x01,'李医生',39,5,0x00,1000,'手术顺利，患者恢复良好',3,110.5,32.5,'无',500,120.5,35,'张医生',2,29),(52,0x01,'李医生',39,5,0x00,1000,'手术顺利，患者恢复良好',3,110.5,32.5,'无',500,120.5,35,'张医生',2,29),(53,0x01,'李医生',39,5,0x00,1000,'手术顺利，患者恢复良好',3,110.5,32.5,'无',500,120.5,35,'张医生',2,29),(54,0x01,'李医生',39,5,0x00,1000,'手术顺利，患者恢复良好',3,110.5,32.5,'无',500,120.5,35,'张医生',2,29),(55,0x01,'李医生',39,5,0x00,1000,'手术顺利，患者恢复良好',3,110.5,32.5,'无',500,120.5,35,'张医生',2,29),(56,0x01,'李医生',39,5,0x00,1000,'手术顺利，患者恢复良好',3,110.5,32.5,'无',500,120.5,35,'张医生',2,29),(57,0x01,'李医生',39,5,0x00,1000,'手术顺利，患者恢复良好',3,110.5,32.5,'无',500,120.5,35,'张医生',2,29),(58,0x01,'李医生',39,5,0x00,1000,'手术顺利，患者恢复良好',3,110.5,32.5,'无',500,120.5,35,'张医生',2,29),(59,0x01,'李医生',39,5,0x00,1000,'手术顺利，患者恢复良好',3,110.5,32.5,'无',500,120.5,35,'张医生',2,29),(60,0x01,'李医生',39,5,0x00,1000,'手术顺利，患者恢复良好',3,110.5,32.5,'无',500,120.5,35,'张医生',2,29),(61,0x01,'李医生',39,5,0x00,1000,'手术顺利，患者恢复良好',3,110.5,32.5,'无',500,120.5,35,'张医生',2,29),(62,0x01,'李医生',39,5,0x00,1000,'手术顺利，患者恢复良好',3,110.5,32.5,'无',500,120.5,35,'张医生',2,29),(63,0x01,'李医生',39,5,0x00,1000,'手术顺利，患者恢复良好',3,110.5,32.5,'无',500,120.5,35,'张医生',2,29),(64,0x01,'李医生',39,5,0x00,1000,'手术顺利，患者恢复良好',3,110.5,32.5,'无',500,120.5,35,'张医生',2,29),(65,0x01,'李医生',39,5,0x00,1000,'手术顺利，患者恢复良好',3,110.5,32.5,'无',500,120.5,35,'张医生',2,29);
/*!40000 ALTER TABLE `surgery_and_blood_test` ENABLE KEYS */;

--
-- Table structure for table `ultrasound_score`
--

DROP TABLE IF EXISTS `ultrasound_score`;
/*!40101 SET @saved_cs_client     = @@character_set_client */;
/*!50503 SET character_set_client = utf8mb4 */;
CREATE TABLE `ultrasound_score` (
  `score_id` bigint NOT NULL AUTO_INCREMENT,
  `blood_flow_signals` int DEFAULT NULL,
  `cervical_shape` int DEFAULT NULL,
  `estimated_blood_loss` int DEFAULT NULL,
  `examination_date` datetime(6) NOT NULL,
  `fetal_position` int DEFAULT NULL,
  `myometrium_invasion` int DEFAULT NULL,
  `placental_body_position` int DEFAULT NULL,
  `placental_lacunae` int DEFAULT NULL,
  `placental_position` int DEFAULT NULL,
  `placental_thickness` int DEFAULT NULL,
  `record_id` varchar(255) DEFAULT NULL,
  `suspected_invasion_range` int DEFAULT NULL,
  `suspected_placenta_location` int DEFAULT NULL,
  `total_score` int DEFAULT NULL,
  `patient_id` bigint NOT NULL,
  PRIMARY KEY (`score_id`),
  KEY `FK3ldsyw6f12qp4ip7syntbdro` (`patient_id`),
  CONSTRAINT `FK3ldsyw6f12qp4ip7syntbdro` FOREIGN KEY (`patient_id`) REFERENCES `patient` (`patient_id`)
) ENGINE=InnoDB DEFAULT CHARSET=utf8mb4 COLLATE=utf8mb4_0900_ai_ci;
/*!40101 SET character_set_client = @saved_cs_client */;

--
-- Dumping data for table `ultrasound_score`
--

/*!40000 ALTER TABLE `ultrasound_score` DISABLE KEYS */;
/*!40000 ALTER TABLE `ultrasound_score` ENABLE KEYS */;

--
-- Table structure for table `user`
--

DROP TABLE IF EXISTS `user`;
/*!40101 SET @saved_cs_client     = @@character_set_client */;
/*!50503 SET character_set_client = utf8mb4 */;
CREATE TABLE `user` (
  `user_id` bigint NOT NULL AUTO_INCREMENT,
  `created_at` datetime(6) NOT NULL,
  `email` varchar(100) DEFAULT NULL,
  `last_login` datetime(6) DEFAULT NULL,
  `password` varchar(255) NOT NULL,
  `phone` varchar(20) DEFAULT NULL,
  `role` enum('ADMIN','B_DOCTOR','PATIENT','T_DOCTOR') NOT NULL,
  `status` enum('ACTIVE','BANNED','INACTIVE') NOT NULL,
  `username` varchar(50) NOT NULL,
  `provider` enum('GOOGLE','LOCAL') DEFAULT NULL,
  `doctor_id` bigint DEFAULT NULL,
  `hospital_id` bigint DEFAULT NULL,
  `patient_id` bigint DEFAULT NULL,
  PRIMARY KEY (`user_id`),
  UNIQUE KEY `UK1ttoi0gjnhju8ecfur1en8cdu` (`doctor_id`),
  UNIQUE KEY `UKekvwufxfefmd2gadw28u4uncv` (`patient_id`),
  KEY `fk_foreign_key_name` (`hospital_id`),
  CONSTRAINT `FK50ye93xm2iw5ttgidh543nryv` FOREIGN KEY (`patient_id`) REFERENCES `patient` (`patient_id`),
  CONSTRAINT `fk_foreign_key_name` FOREIGN KEY (`hospital_id`) REFERENCES `hospital` (`hospital_id`),
  CONSTRAINT `FKn394rrbe4yseqesqx870tlstj` FOREIGN KEY (`doctor_id`) REFERENCES `doctor` (`doctor_id`)
) ENGINE=InnoDB AUTO_INCREMENT=33 DEFAULT CHARSET=utf8mb4 COLLATE=utf8mb4_0900_ai_ci;
/*!40101 SET character_set_client = @saved_cs_client */;

--
-- Dumping data for table `user`
--

/*!40000 ALTER TABLE `user` DISABLE KEYS */;
INSERT INTO `user` VALUES (1,'2024-06-25 10:06:52.432457','john.doe@example.com',NULL,'$2a$10$GW9/QbnLrqMdzrcm3NAaTe5oBsXEe/xXUhtiDNMMnNieV9xae/yRS','13981763058','PATIENT','ACTIVE','赵子龙',NULL,NULL,NULL,NULL),(2,'2024-06-25 10:13:50.616522','thd2020@gmail.com','2025-04-11 02:26:55.022357','$2a$10$sEsDCSTuaZh4WCvdoXALMOrl05L234mH6.rRyk74LXAukLq7qceq6','1234567890','ADMIN','ACTIVE','thd2020',NULL,NULL,1,NULL),(4,'2024-07-05 09:08:12.817028','thdfreelancer@gmail.com',NULL,'$2a$10$kRz0rcXU8xoKmjol/jiBi.N2FCS2ZmIEKSL5i0DlHqtFdXMCL7g2u',NULL,'PATIENT','ACTIVE','free thd','GOOGLE',NULL,NULL,NULL),(18,'2024-09-11 02:01:57.078942',NULL,NULL,'$2a$10$qLEMAInKWgSBCHEqitHlU.lIhrr.Byb.j16irFkcvSF.WoueDlhQ2',NULL,'PATIENT','ACTIVE','测试A',NULL,NULL,NULL,NULL),(19,'2024-09-11 03:36:46.143041',NULL,NULL,'$2a$10$R6mg.OdT.seXJ8r/cNPTReYOdr.4KdBAx0pbyzPXnm0LZggsvonAa',NULL,'PATIENT','ACTIVE','测试C',NULL,NULL,NULL,NULL),(26,'2025-03-12 09:14:51.378254','zhangming@example.com',NULL,'$2a$10$leOKaU7PlBSJvOjayQ.L8e.FB9NRVbkbsc4/T/iNus2mmmYxcblgm','13812345678','PATIENT','ACTIVE','zhang_ming','LOCAL',NULL,NULL,NULL),(27,'2025-03-12 09:16:19.783459','liuhong@example.com',NULL,'$2a$10$jxh4cO3HqRFMR6KqvyNFFeofuj4NWq8TB5y7yUxDuQRyo0SXKUZtG','13922223333','PATIENT','ACTIVE','liu_hong','LOCAL',NULL,NULL,NULL),(28,'2025-03-14 08:34:20.397350','uiui@qq.com',NULL,'$2a$10$8ty7Gce.SN1qU3a56I97.Ok/hXKEFir4o9PCUfrXIQWPWamK/.Zma','18946789203','T_DOCTOR','ACTIVE','natasa','LOCAL',NULL,NULL,NULL),(29,'2025-03-14 08:36:28.361960','test_D@example.com',NULL,'$2a$10$DD0cGXYbirRrNcLdfj.gHO4cAOHp9buQbeuqm9mDPlH7F1TFxYC36','13353331111','T_DOCTOR','ACTIVE','test_D','LOCAL',NULL,NULL,NULL),(30,'2025-03-14 08:42:50.858514','test_E@example.com','2025-03-14 10:02:39.250139','$2a$10$Kmr6CSpNvR7.PBksx4ut/ehieFPee/YsxLtPEGbUg1bOcatIFQj0i','13353331112','T_DOCTOR','ACTIVE','test_E','LOCAL',NULL,NULL,NULL),(31,'2025-03-14 08:45:39.420893','test_P@example.com','2025-03-21 09:50:06.457850','$2a$10$2K0993neoAztDITnUkl05OitnRfH2Qu/xk6vsv0BrOOuULV0NBN.K','13353331113','PATIENT','ACTIVE','test_P','LOCAL',NULL,NULL,NULL),(32,'2025-03-24 02:55:30.392095','test_P2@example.com',NULL,'$2a$10$/KOqUKO3SNE3nUjrq6C8P.TUSeJrHif8/G.ABu8Px6FEmj8G5LMiW','13353331011','PATIENT','ACTIVE','test_P2','LOCAL',NULL,NULL,NULL);
/*!40000 ALTER TABLE `user` ENABLE KEYS */;

--
-- Dumping routines for database 'pas_manage_db'
--
/*!40103 SET TIME_ZONE=@OLD_TIME_ZONE */;

/*!40101 SET SQL_MODE=@OLD_SQL_MODE */;
/*!40014 SET FOREIGN_KEY_CHECKS=@OLD_FOREIGN_KEY_CHECKS */;
/*!40014 SET UNIQUE_CHECKS=@OLD_UNIQUE_CHECKS */;
/*!40101 SET CHARACTER_SET_CLIENT=@OLD_CHARACTER_SET_CLIENT */;
/*!40101 SET CHARACTER_SET_RESULTS=@OLD_CHARACTER_SET_RESULTS */;
/*!40101 SET COLLATION_CONNECTION=@OLD_COLLATION_CONNECTION */;
/*!40111 SET SQL_NOTES=@OLD_SQL_NOTES */;

-- Dump completed on 2025-04-11 10:52:15
